DATE ADDED TO CATALOG	PUBMEDID	FIRST AUTHOR	DATE	JOURNAL	LINK	STUDY	DISEASE/TRAIT	INITIAL SAMPLE SIZE	REPLICATION SAMPLE SIZE	REGION	CHR_ID	CHR_POS	REPORTED GENE(S)	MAPPED_GENE	UPSTREAM_GENE_ID	DOWNSTREAM_GENE_ID	SNP_GENE_IDS	UPSTREAM_GENE_DISTANCE	DOWNSTREAM_GENE_DISTANCE	STRONGEST SNP-RISK ALLELE	SNPS	MERGED	SNP_ID_CURRENT	CONTEXT	INTERGENIC	RISK ALLELE FREQUENCY	P-VALUE	PVALUE_MLOG	P-VALUE (TEXT)	OR or BETA	95% CI (TEXT)	PLATFORM [SNPS PASSING QC]	CNV	MAPPED_TRAIT	MAPPED_TRAIT_URI	STUDY ACCESSION	GENOTYPING TECHNOLOGY
2017-06-02	28067908	de Lange KM	2017-01-09	Nat Genet	www.ncbi.nlm.nih.gov/pubmed/28067908	Genome-wide association study implicates immune activation of multiple integrin genes in inflammatory bowel disease.	Inflammatory bowel disease	25,042 European and unknown ancestry cases, 34,915 European and unknown ancestry controls	NA	1q32.2	1	209797265	DIEXF, IRF6	IRF6			ENSG00000117595			rs59043219-A	rs59043219	0	59043219	intron_variant	0	0.379	1E-8	8.0		1.08	1.05-1.10	Illumina [9725440] (imputed)	N	inflammatory bowel disease	http://www.ebi.ac.uk/efo/EFO_0003767	GCST004131	Genome-wide genotyping array
2017-06-02	28067908	de Lange KM	2017-01-09	Nat Genet	www.ncbi.nlm.nih.gov/pubmed/28067908	Genome-wide association study implicates immune activation of multiple integrin genes in inflammatory bowel disease.	Inflammatory bowel disease	25,042 European and unknown ancestry cases, 34,915 European and unknown ancestry controls	NA	2q31.3	2	181443625	ITGA4	LINC01934 - ITGA4	ENSG00000234663	ENSG00000115232		34304	13577	rs6740847-A	rs6740847	0	6740847	intergenic_variant	1	0.508	1E-13	13.0		1.1	1.07-1.12	Illumina [9725440] (imputed)	N	inflammatory bowel disease	http://www.ebi.ac.uk/efo/EFO_0003767	GCST004131	Genome-wide genotyping array
2017-06-02	28067908	de Lange KM	2017-01-09	Nat Genet	www.ncbi.nlm.nih.gov/pubmed/28067908	Genome-wide association study implicates immune activation of multiple integrin genes in inflammatory bowel disease.	Inflammatory bowel disease	25,042 European and unknown ancestry cases, 34,915 European and unknown ancestry controls	NA				ITGAV, FAM171B							rs144344067-A	rs144344067	0	34122042		1	0.895	1E-8	8.0		1.12	1.08-1.16	Illumina [9725440] (imputed)	N	inflammatory bowel disease	http://www.ebi.ac.uk/efo/EFO_0003767	GCST004131	Genome-wide genotyping array
2017-06-02	28067908	de Lange KM	2017-01-09	Nat Genet	www.ncbi.nlm.nih.gov/pubmed/28067908	Genome-wide association study implicates immune activation of multiple integrin genes in inflammatory bowel disease.	Inflammatory bowel disease	25,042 European and unknown ancestry cases, 34,915 European and unknown ancestry controls	NA	2q37.3	2	241545286	intergenic	BOK-AS1			ENSG00000234235			rs76527535-C	rs76527535	0	76527535	regulatory_region_variant	0	0.745	3E-8	7.522878745280337		1.09	1.06-1.12	Illumina [9725440] (imputed)	N	inflammatory bowel disease	http://www.ebi.ac.uk/efo/EFO_0003767	GCST004131	Genome-wide genotyping array
2017-06-02	28067908	de Lange KM	2017-01-09	Nat Genet	www.ncbi.nlm.nih.gov/pubmed/28067908	Genome-wide association study implicates immune activation of multiple integrin genes in inflammatory bowel disease.	Inflammatory bowel disease	25,042 European and unknown ancestry cases, 34,915 European and unknown ancestry controls	NA	3p13	3	71126344	FOXP1	FOXP1			ENSG00000114861			rs2593855-C	rs2593855	0	2593855	intron_variant	0	0.663	3E-9	8.522878745280337		1.09	1.06-1.11	Illumina [9725440] (imputed)	N	inflammatory bowel disease	http://www.ebi.ac.uk/efo/EFO_0003767	GCST004131	Genome-wide genotyping array
2017-06-02	28067908	de Lange KM	2017-01-09	Nat Genet	www.ncbi.nlm.nih.gov/pubmed/28067908	Genome-wide association study implicates immune activation of multiple integrin genes in inflammatory bowel disease.	Inflammatory bowel disease	25,042 European and unknown ancestry cases, 34,915 European and unknown ancestry controls	NA	3q12.3	3	101304904	IMPG2, SENP7	IMPG2			ENSG00000081148			rs503734-A	rs503734	0	503734	intron_variant	0	0.513	3E-8	7.522878745280337		1.07	1.05-1.10	Illumina [9725440] (imputed)	N	inflammatory bowel disease	http://www.ebi.ac.uk/efo/EFO_0003767	GCST004131	Genome-wide genotyping array
2017-06-02	28067908	de Lange KM	2017-01-09	Nat Genet	www.ncbi.nlm.nih.gov/pubmed/28067908	Genome-wide association study implicates immune activation of multiple integrin genes in inflammatory bowel disease.	Inflammatory bowel disease	25,042 European and unknown ancestry cases, 34,915 European and unknown ancestry controls	NA	4p14	4	38586832	intergenic	LINC02278 - KLF3-AS1	ENSG00000251635	ENSG00000231160		14810	7680	rs11734570-A	rs11734570	0	11734570	intergenic_variant	1	0.368	5E-8	7.301029995663981		1.07	1.05-1.10	Illumina [9725440] (imputed)	N	inflammatory bowel disease	http://www.ebi.ac.uk/efo/EFO_0003767	GCST004131	Genome-wide genotyping array
2017-06-02	28067908	de Lange KM	2017-01-09	Nat Genet	www.ncbi.nlm.nih.gov/pubmed/28067908	Genome-wide association study implicates immune activation of multiple integrin genes in inflammatory bowel disease.	Inflammatory bowel disease	25,042 European and unknown ancestry cases, 34,915 European and unknown ancestry controls	NA	6p21.1	6	42039665	CCND3	CCND3			ENSG00000112576			rs67289879-T	rs67289879	0	67289879	intron_variant	0	0.179	3E-8	7.522878745280337		1.09	1.06-1.13	Illumina [9725440] (imputed)	N	inflammatory bowel disease	http://www.ebi.ac.uk/efo/EFO_0003767	GCST004131	Genome-wide genotyping array
2017-06-02	28067908	de Lange KM	2017-01-09	Nat Genet	www.ncbi.nlm.nih.gov/pubmed/28067908	Genome-wide association study implicates immune activation of multiple integrin genes in inflammatory bowel disease.	Inflammatory bowel disease	25,042 European and unknown ancestry cases, 34,915 European and unknown ancestry controls	NA	7p22.1	7	6505557	FLJ20306, DAGLB, KDELR2, GRID2IP	GRID2IP			ENSG00000215045			rs11768365-A	rs11768365	0	11768365	intron_variant	0	0.816	4E-8	7.3979400086720375		1.09	1.06-1.12	Illumina [9725440] (imputed)	N	inflammatory bowel disease	http://www.ebi.ac.uk/efo/EFO_0003767	GCST004131	Genome-wide genotyping array
2017-06-02	28067908	de Lange KM	2017-01-09	Nat Genet	www.ncbi.nlm.nih.gov/pubmed/28067908	Genome-wide association study implicates immune activation of multiple integrin genes in inflammatory bowel disease.	Inflammatory bowel disease	25,042 European and unknown ancestry cases, 34,915 European and unknown ancestry controls	NA	7p21.1	7	20537675	ITGB8	ITGB8 - EEF1A1P27	ENSG00000105855	ENSG00000179460		121921	44397	rs149169037-G	rs149169037	0	149169037	intergenic_variant	1	0.895	3E-8	7.522878745280337		1.14	1.10-1.19	Illumina [9725440] (imputed)	N	inflammatory bowel disease	http://www.ebi.ac.uk/efo/EFO_0003767	GCST004131	Genome-wide genotyping array
2017-06-02	28067908	de Lange KM	2017-01-09	Nat Genet	www.ncbi.nlm.nih.gov/pubmed/28067908	Genome-wide association study implicates immune activation of multiple integrin genes in inflammatory bowel disease.	Inflammatory bowel disease	25,042 European and unknown ancestry cases, 34,915 European and unknown ancestry controls	NA	7q36.1	7	148738247	CUL1, EZH2	CUL1			ENSG00000055130			rs243505-A	rs243505	0	243505	intron_variant	0	0.624	3E-10	9.522878745280337		1.08	1.06-1.11	Illumina [9725440] (imputed)	N	inflammatory bowel disease	http://www.ebi.ac.uk/efo/EFO_0003767	GCST004131	Genome-wide genotyping array
2017-06-02	28067908	de Lange KM	2017-01-09	Nat Genet	www.ncbi.nlm.nih.gov/pubmed/28067908	Genome-wide association study implicates immune activation of multiple integrin genes in inflammatory bowel disease.	Inflammatory bowel disease	25,042 European and unknown ancestry cases, 34,915 European and unknown ancestry controls	NA	10q26.13	10	124750812	METTL10, FAM175B, RP11-12J10.3, FAM53B	EEF1AKMT2			ENSG00000203791			rs111456533-G	rs111456533	0	111456533	intron_variant	0	0.829	1E-9	9.0		1.11	1.08-1.14	Illumina [9725440] (imputed)	N	inflammatory bowel disease	http://www.ebi.ac.uk/efo/EFO_0003767	GCST004131	Genome-wide genotyping array
2017-06-02	28067908	de Lange KM	2017-01-09	Nat Genet	www.ncbi.nlm.nih.gov/pubmed/28067908	Genome-wide association study implicates immune activation of multiple integrin genes in inflammatory bowel disease.	Inflammatory bowel disease	25,042 European and unknown ancestry cases, 34,915 European and unknown ancestry controls	NA	16q23.3	16	81883307	PLCG2	PLCG2			ENSG00000197943			rs11548656-A	rs11548656	0	11548656	missense_variant	0	0.961	5E-11	10.301029995663981		1.27	1.20-1.34	Illumina [9725440] (imputed)	N	inflammatory bowel disease	http://www.ebi.ac.uk/efo/EFO_0003767	GCST004131	Genome-wide genotyping array
2017-06-02	28067908	de Lange KM	2017-01-09	Nat Genet	www.ncbi.nlm.nih.gov/pubmed/28067908	Genome-wide association study implicates immune activation of multiple integrin genes in inflammatory bowel disease.	Inflammatory bowel disease	25,042 European and unknown ancestry cases, 34,915 European and unknown ancestry controls	NA	20p12.3	20	6113242	FERMT1	FERMT1			ENSG00000101311			rs4256018-G	rs4256018	0	4256018	intron_variant	0	0.25	1E-8	8.0		1.08	1.05-1.11	Illumina [9725440] (imputed)	N	inflammatory bowel disease	http://www.ebi.ac.uk/efo/EFO_0003767	GCST004131	Genome-wide genotyping array
2017-06-02	28067908	de Lange KM	2017-01-09	Nat Genet	www.ncbi.nlm.nih.gov/pubmed/28067908	Genome-wide association study implicates immune activation of multiple integrin genes in inflammatory bowel disease.	Inflammatory bowel disease	25,042 European and unknown ancestry cases, 34,915 European and unknown ancestry controls	NA	1q21.3	1	151829204	RORC	RORC			ENSG00000143365			rs4845604-?	rs4845604	0	4845604	intron_variant	0	NR	7E-14	13.154901959985743				Illumina [9725440] (imputed)	N	inflammatory bowel disease	http://www.ebi.ac.uk/efo/EFO_0003767	GCST004131	Genome-wide genotyping array
2017-06-02	28067908	de Lange KM	2017-01-09	Nat Genet	www.ncbi.nlm.nih.gov/pubmed/28067908	Genome-wide association study implicates immune activation of multiple integrin genes in inflammatory bowel disease.	Inflammatory bowel disease	25,042 European and unknown ancestry cases, 34,915 European and unknown ancestry controls	NA	1p31.3	1	67242007	INSL5, MIER1, IL12RB2, TCTEX1D1, WDR78, SLC35D1, C1orf141, IL23R, SERBP1, SGIP1	IL23R			ENSG00000162594			rs11581607-?	rs11581607	0	11581607	intron_variant	0	NR	5E-111	110.30102999566398				Illumina [9725440] (imputed)	N	inflammatory bowel disease	http://www.ebi.ac.uk/efo/EFO_0003767	GCST004131	Genome-wide genotyping array
2017-06-02	28067908	de Lange KM	2017-01-09	Nat Genet	www.ncbi.nlm.nih.gov/pubmed/28067908	Genome-wide association study implicates immune activation of multiple integrin genes in inflammatory bowel disease.	Inflammatory bowel disease	25,042 European and unknown ancestry cases, 34,915 European and unknown ancestry controls	NA	5p13.1	5	40410482	Intergenic	RNU1-150P - TTC33	ENSG00000199361	ENSG00000113638		140763	101851	rs11742570-?	rs11742570	0	11742570	intergenic_variant	1	NR	4E-40	39.39794000867204				Illumina [9725440] (imputed)	N	inflammatory bowel disease	http://www.ebi.ac.uk/efo/EFO_0003767	GCST004131	Genome-wide genotyping array
2017-06-02	28067908	de Lange KM	2017-01-09	Nat Genet	www.ncbi.nlm.nih.gov/pubmed/28067908	Genome-wide association study implicates immune activation of multiple integrin genes in inflammatory bowel disease.	Inflammatory bowel disease	25,042 European and unknown ancestry cases, 34,915 European and unknown ancestry controls	NA	16q12.1	16	50712015	SNX20, NOD2, CYLD, NKD1	NOD2			ENSG00000167207			rs2066844-?	rs2066844	0	2066844	missense_variant	0	NR	1E-38	38.0				Illumina [9725440] (imputed)	N	inflammatory bowel disease	http://www.ebi.ac.uk/efo/EFO_0003767	GCST004131	Genome-wide genotyping array
2017-06-02	28067908	de Lange KM	2017-01-09	Nat Genet	www.ncbi.nlm.nih.gov/pubmed/28067908	Genome-wide association study implicates immune activation of multiple integrin genes in inflammatory bowel disease.	Inflammatory bowel disease	25,042 European and unknown ancestry cases, 34,915 European and unknown ancestry controls	NA	5q33.3	5	159400761	UBLCP1, IL12B	IL12B - LINC01845	ENSG00000113302	ENSG00000253298		69898	47795	rs56167332-?	rs56167332	0	56167332	intergenic_variant	1	NR	3E-38	37.52287874528034				Illumina [9725440] (imputed)	N	inflammatory bowel disease	http://www.ebi.ac.uk/efo/EFO_0003767	GCST004131	Genome-wide genotyping array
2017-06-02	28067908	de Lange KM	2017-01-09	Nat Genet	www.ncbi.nlm.nih.gov/pubmed/28067908	Genome-wide association study implicates immune activation of multiple integrin genes in inflammatory bowel disease.	Inflammatory bowel disease	25,042 European and unknown ancestry cases, 34,915 European and unknown ancestry controls	NA	10q21.2	10	62685804	ADO, ZNF365	LINC02929 - ALDH7A1P4	ENSG00000285551	ENSG00000234489		13793	55404	rs10761659-?	rs10761659	0	10761659	intergenic_variant	1	NR	2E-36	35.69897000433602				Illumina [9725440] (imputed)	N	inflammatory bowel disease	http://www.ebi.ac.uk/efo/EFO_0003767	GCST004131	Genome-wide genotyping array
2017-06-02	28067908	de Lange KM	2017-01-09	Nat Genet	www.ncbi.nlm.nih.gov/pubmed/28067908	Genome-wide association study implicates immune activation of multiple integrin genes in inflammatory bowel disease.	Inflammatory bowel disease	25,042 European and unknown ancestry cases, 34,915 European and unknown ancestry controls	NA	9q34.3	9	136371953	C9orf69, LHX3, DKFZP434A062, DNLZ, UBAC1, QSOX2, GPSM1, CARD9, SNAPC4, SDCCAG3, PMPCA, SEC16A, C9orf163, NOTCH1, NACC2, INPP5E	CARD9			ENSG00000187796			rs10781499-?	rs10781499	0	10781499	synonymous_variant	0	NR	5E-36	35.30102999566398				Illumina [9725440] (imputed)	N	inflammatory bowel disease	http://www.ebi.ac.uk/efo/EFO_0003767	GCST004131	Genome-wide genotyping array
2017-06-02	28067908	de Lange KM	2017-01-09	Nat Genet	www.ncbi.nlm.nih.gov/pubmed/28067908	Genome-wide association study implicates immune activation of multiple integrin genes in inflammatory bowel disease.	Inflammatory bowel disease	25,042 European and unknown ancestry cases, 34,915 European and unknown ancestry controls	NA	10q24.2	10	99524480	NKX2-3	LINC01475			ENSG00000257582			rs4409764-?	rs4409764	0	4409764	intergenic_variant	0	NR	2E-34	33.69897000433602				Illumina [9725440] (imputed)	N	inflammatory bowel disease	http://www.ebi.ac.uk/efo/EFO_0003767	GCST004131	Genome-wide genotyping array
2017-06-02	28067908	de Lange KM	2017-01-09	Nat Genet	www.ncbi.nlm.nih.gov/pubmed/28067908	Genome-wide association study implicates immune activation of multiple integrin genes in inflammatory bowel disease.	Inflammatory bowel disease	25,042 European and unknown ancestry cases, 34,915 European and unknown ancestry controls	NA	3p21.31	3	49684099	TMA7, TREX1, UCN2, TMEM89, SLC26A6, WDR6, NDUFAF3, IMPDH2, KLHDC8B, RP11-3B7.1, C3orf62, GPX1, TCTA, AMT, APEH, PLXNB1, CCDC51, SHISA5, PFKFB4, UQCRC1, CELSR3, NCKIPSD, PRKAR2A, SLC25A20, ARIH2OS, P4HTM, DALRD3, QRICH1, QARS, LAMB2, CCDC71, C3orf84, USP4, NICN1, MST1, RNF123, ATRIP, COL7A1, IP6K2, ARIH2, USP19, RHOA, DAG1, BSN, CCDC36	MST1			ENSG00000173531			rs3197999-?	rs3197999	0	3197999	missense_variant	0	NR	1E-33	33.0				Illumina [9725440] (imputed)	N	inflammatory bowel disease	http://www.ebi.ac.uk/efo/EFO_0003767	GCST004131	Genome-wide genotyping array
2017-06-02	28067908	de Lange KM	2017-01-09	Nat Genet	www.ncbi.nlm.nih.gov/pubmed/28067908	Genome-wide association study implicates immune activation of multiple integrin genes in inflammatory bowel disease.	Inflammatory bowel disease	25,042 European and unknown ancestry cases, 34,915 European and unknown ancestry controls	NA	11q13.5	11	76588605	Intergenic	EMSY - LINC02757	ENSG00000158636	ENSG00000255363		35574	18759	rs11236797-?	rs11236797	0	11236797	regulatory_region_variant	1	NR	7E-33	32.15490195998574				Illumina [9725440] (imputed)	N	inflammatory bowel disease	http://www.ebi.ac.uk/efo/EFO_0003767	GCST004131	Genome-wide genotyping array
2017-06-02	28067908	de Lange KM	2017-01-09	Nat Genet	www.ncbi.nlm.nih.gov/pubmed/28067908	Genome-wide association study implicates immune activation of multiple integrin genes in inflammatory bowel disease.	Inflammatory bowel disease	25,042 European and unknown ancestry cases, 34,915 European and unknown ancestry controls	NA	6p21.32	6	32644620	C6orf15, CDSN, PSORS1C2, HCG27, HLA-C, HLA-B, MCCD1, ATP6V1G2, LTA, TNF, LTB, NCR3, AIF1, BAG6, C6orf47, GPANK1, LY6G5B, LY6G5C, LY6G6F, MEGT1, LY6G6E, LY6G6D, DDAH2, SAPCD1, HSPA1L, HSPA1B, C6orf48, NEU1, ZBTB12, NELFE, DXO, AL645922.1, CYP21A2, FKBPL, PRRT1, EGFL8, RNF5, AGER, PBX2, HLA-DRA, HLA-DQB1, HLA-DQA2, HLA-DQB2, PSORS1C1, CCHCR1, TCF19, POU5F1, MICA, MICB, DDX39B, ATP6V1G2-DDX39B, NFKBIL1, LST1, PRRC2A, APOM, CSNK2B, CSNK2B-LY6G5B-1181, ABHD16A, XXbac-BPG32J3.20, C6orf25, LY6G6C, CLIC1, VWA7, VARS, LSM2, HSPA1A, SLC44A4, C2, CFB, SKIV2L, STK19, C4A, C4B, TNXB, ATF6B, PPT2, PPT2-EGFL8, AGPAT1, GPSM3, NOTCH4, C6orf10, HLA-DRB5, HLA-DRB1, HLA-DQA1, MSH5, MSH5-SAPCD1, EHMT2, BTNL2	HLA-DQA1			ENSG00000196735			rs6927022-?	rs6927022	0	6927022	intergenic_variant	0	NR	2E-31	30.69897000433602				Illumina [9725440] (imputed)	N	inflammatory bowel disease	http://www.ebi.ac.uk/efo/EFO_0003767	GCST004131	Genome-wide genotyping array
2017-06-02	28067908	de Lange KM	2017-01-09	Nat Genet	www.ncbi.nlm.nih.gov/pubmed/28067908	Genome-wide association study implicates immune activation of multiple integrin genes in inflammatory bowel disease.	Inflammatory bowel disease	25,042 European and unknown ancestry cases, 34,915 European and unknown ancestry controls	NA	1q32.1	1	206766559	IL10	Y_RNA - IL10	ENSG00000202470	ENSG00000136634		18467	1043	rs3024505-?	rs3024505	0	3024505	regulatory_region_variant	1	NR	6E-31	30.221848749616356				Illumina [9725440] (imputed)	N	inflammatory bowel disease	http://www.ebi.ac.uk/efo/EFO_0003767	GCST004131	Genome-wide genotyping array
2017-06-02	28067908	de Lange KM	2017-01-09	Nat Genet	www.ncbi.nlm.nih.gov/pubmed/28067908	Genome-wide association study implicates immune activation of multiple integrin genes in inflammatory bowel disease.	Inflammatory bowel disease	25,042 European and unknown ancestry cases, 34,915 European and unknown ancestry controls	NA	21q22.2	21	39093608	Intergenic	LINC02940 - RPL23AP12	ENSG00000235888	ENSG00000228861		30714	33960	rs2836878-?	rs2836878	0	2836878	intergenic_variant	1	NR	2E-29	28.69897000433602				Illumina [9725440] (imputed)	N	inflammatory bowel disease	http://www.ebi.ac.uk/efo/EFO_0003767	GCST004131	Genome-wide genotyping array
2017-06-02	28067908	de Lange KM	2017-01-09	Nat Genet	www.ncbi.nlm.nih.gov/pubmed/28067908	Genome-wide association study implicates immune activation of multiple integrin genes in inflammatory bowel disease.	Inflammatory bowel disease	25,042 European and unknown ancestry cases, 34,915 European and unknown ancestry controls	NA	21q21.1	21	15445619	Intergenic	LINC02920 - CYCSP42	ENSG00000236471	ENSG00000224524		377782	44911	rs2823286-?	rs2823286	0	2823286	regulatory_region_variant	1	NR	4E-29	28.397940008672037				Illumina [9725440] (imputed)	N	inflammatory bowel disease	http://www.ebi.ac.uk/efo/EFO_0003767	GCST004131	Genome-wide genotyping array
2017-06-02	28067908	de Lange KM	2017-01-09	Nat Genet	www.ncbi.nlm.nih.gov/pubmed/28067908	Genome-wide association study implicates immune activation of multiple integrin genes in inflammatory bowel disease.	Inflammatory bowel disease	25,042 European and unknown ancestry cases, 34,915 European and unknown ancestry controls	NA	9p24.1	9	4981601	Intergenic	HNRNPA1P41 - JAK2	ENSG00000220937	ENSG00000096968		35699	2789	rs75900472-?	rs75900472	0	75900472	intergenic_variant	1	NR	1E-28	28.0				Illumina [9725440] (imputed)	N	inflammatory bowel disease	http://www.ebi.ac.uk/efo/EFO_0003767	GCST004131	Genome-wide genotyping array
2017-06-02	28067908	de Lange KM	2017-01-09	Nat Genet	www.ncbi.nlm.nih.gov/pubmed/28067908	Genome-wide association study implicates immune activation of multiple integrin genes in inflammatory bowel disease.	Inflammatory bowel disease	25,042 European and unknown ancestry cases, 34,915 European and unknown ancestry controls	NA	2p16.1	2	60977721	PUS10	PUS10			ENSG00000162927			rs7608910-?	rs7608910	0	7608910	intron_variant	0	NR	3E-28	27.522878745280337				Illumina [9725440] (imputed)	N	inflammatory bowel disease	http://www.ebi.ac.uk/efo/EFO_0003767	GCST004131	Genome-wide genotyping array
2017-06-02	28067908	de Lange KM	2017-01-09	Nat Genet	www.ncbi.nlm.nih.gov/pubmed/28067908	Genome-wide association study implicates immune activation of multiple integrin genes in inflammatory bowel disease.	Inflammatory bowel disease	25,042 European and unknown ancestry cases, 34,915 European and unknown ancestry controls	NA	2q37.1	2	233252802	ATG16L1	ATG16L1			ENSG00000085978			rs6752107-?	rs6752107	0	6752107	intron_variant	0	NR	3E-28	27.522878745280337				Illumina [9725440] (imputed)	N	inflammatory bowel disease	http://www.ebi.ac.uk/efo/EFO_0003767	GCST004131	Genome-wide genotyping array
2017-06-02	28067908	de Lange KM	2017-01-09	Nat Genet	www.ncbi.nlm.nih.gov/pubmed/28067908	Genome-wide association study implicates immune activation of multiple integrin genes in inflammatory bowel disease.	Inflammatory bowel disease	25,042 European and unknown ancestry cases, 34,915 European and unknown ancestry controls	NA	5q31.1	5	132435113	IL3, CSF2, HINT1, LYRM7, SLC22A4, C5orf56, IRF1, CDC42SE2, RAPGEF6, ACSL6, P4HA2, PDLIM4, SLC22A5, CTC-432M15.3, FNIP1	CARINH			ENSG00000197536			rs2188962-?	rs2188962	0	2188962	intron_variant	0	NR	4E-27	26.397940008672037				Illumina [9725440] (imputed)	N	inflammatory bowel disease	http://www.ebi.ac.uk/efo/EFO_0003767	GCST004131	Genome-wide genotyping array
2017-06-02	28067908	de Lange KM	2017-01-09	Nat Genet	www.ncbi.nlm.nih.gov/pubmed/28067908	Genome-wide association study implicates immune activation of multiple integrin genes in inflammatory bowel disease.	Inflammatory bowel disease	25,042 European and unknown ancestry cases, 34,915 European and unknown ancestry controls	NA	17q12	17	39756124	GSDMB, ORMDL3, LRRC3C, GRB7, ZPBP2, GSDMA, IKZF3	GRB7 - IKZF3	ENSG00000141738	ENSG00000161405		8833	1591	rs12946510-?	rs12946510	0	12946510	intergenic_variant	1	NR	2E-26	25.69897000433602				Illumina [9725440] (imputed)	N	inflammatory bowel disease	http://www.ebi.ac.uk/efo/EFO_0003767	GCST004131	Genome-wide genotyping array
2017-06-02	28067908	de Lange KM	2017-01-09	Nat Genet	www.ncbi.nlm.nih.gov/pubmed/28067908	Genome-wide association study implicates immune activation of multiple integrin genes in inflammatory bowel disease.	Inflammatory bowel disease	25,042 European and unknown ancestry cases, 34,915 European and unknown ancestry controls	NA	20q13.33	20	63697746	TNFRSF6B, ARFRP1, LIME1, RP4-583P15.14, STMN3, RTEL1, RTEL1-TNFRSF6B, ZGPAT, RP4-583P15.15, SLC2A4RG, ZBTB46	TNFRSF6B, RTEL1-TNFRSF6B			ENSG00000243509, ENSG00000026036			rs6062496-?	rs6062496	0	6062496	intron_variant	0	NR	3E-26	25.522878745280337				Illumina [9725440] (imputed)	N	inflammatory bowel disease	http://www.ebi.ac.uk/efo/EFO_0003767	GCST004131	Genome-wide genotyping array
2017-06-02	28067908	de Lange KM	2017-01-09	Nat Genet	www.ncbi.nlm.nih.gov/pubmed/28067908	Genome-wide association study implicates immune activation of multiple integrin genes in inflammatory bowel disease.	Inflammatory bowel disease	25,042 European and unknown ancestry cases, 34,915 European and unknown ancestry controls	NA	22q13.1	22	39263768	SYNGR1, RPL3	PDGFB - RPL3	ENSG00000100311	ENSG00000100316		18786	49114	rs2413583-?	rs2413583	0	2413583	intergenic_variant	1	NR	5E-24	23.30102999566398				Illumina [9725440] (imputed)	N	inflammatory bowel disease	http://www.ebi.ac.uk/efo/EFO_0003767	GCST004131	Genome-wide genotyping array
2017-06-02	28067908	de Lange KM	2017-01-09	Nat Genet	www.ncbi.nlm.nih.gov/pubmed/28067908	Genome-wide association study implicates immune activation of multiple integrin genes in inflammatory bowel disease.	Inflammatory bowel disease	25,042 European and unknown ancestry cases, 34,915 European and unknown ancestry controls	NA	21q22.3	21	44195858	Intergenic	GATD3			ENSG00000160221			rs7282490-?	rs7282490	0	7282490	intergenic_variant	0	NR	2E-23	22.69897000433602				Illumina [9725440] (imputed)	N	inflammatory bowel disease	http://www.ebi.ac.uk/efo/EFO_0003767	GCST004131	Genome-wide genotyping array
2017-06-02	28067908	de Lange KM	2017-01-09	Nat Genet	www.ncbi.nlm.nih.gov/pubmed/28067908	Genome-wide association study implicates immune activation of multiple integrin genes in inflammatory bowel disease.	Inflammatory bowel disease	25,042 European and unknown ancestry cases, 34,915 European and unknown ancestry controls	NA	12q15	12	68114342	Intergenic	IFNG-AS1			ENSG00000255733			rs11614178-?	rs11614178	0	11614178	intergenic_variant	0	NR	4E-23	22.397940008672037				Illumina [9725440] (imputed)	N	inflammatory bowel disease	http://www.ebi.ac.uk/efo/EFO_0003767	GCST004131	Genome-wide genotyping array
2017-06-02	28067908	de Lange KM	2017-01-09	Nat Genet	www.ncbi.nlm.nih.gov/pubmed/28067908	Genome-wide association study implicates immune activation of multiple integrin genes in inflammatory bowel disease.	Inflammatory bowel disease	25,042 European and unknown ancestry cases, 34,915 European and unknown ancestry controls	NA	1q32.1	1	200908434	C1orf106, KIF21B, CACNA1S	INAVA			ENSG00000163362			rs7554511-?	rs7554511	0	7554511	intron_variant	0	NR	1E-21	21.0				Illumina [9725440] (imputed)	N	inflammatory bowel disease	http://www.ebi.ac.uk/efo/EFO_0003767	GCST004131	Genome-wide genotyping array
2017-06-02	28067908	de Lange KM	2017-01-09	Nat Genet	www.ncbi.nlm.nih.gov/pubmed/28067908	Genome-wide association study implicates immune activation of multiple integrin genes in inflammatory bowel disease.	Inflammatory bowel disease	25,042 European and unknown ancestry cases, 34,915 European and unknown ancestry controls	NA	15q22.33	15	67150258	SMAD3	SMAD3			ENSG00000166949			rs17293632-?	rs17293632	0	17293632	intron_variant	0	NR	3E-21	20.522878745280337				Illumina [9725440] (imputed)	N	inflammatory bowel disease	http://www.ebi.ac.uk/efo/EFO_0003767	GCST004131	Genome-wide genotyping array
2017-06-02	28067908	de Lange KM	2017-01-09	Nat Genet	www.ncbi.nlm.nih.gov/pubmed/28067908	Genome-wide association study implicates immune activation of multiple integrin genes in inflammatory bowel disease.	Inflammatory bowel disease	25,042 European and unknown ancestry cases, 34,915 European and unknown ancestry controls	NA	1p36.13	1	19845367	RNF186, OTUD3	RNF186-AS1 - OTUD3	ENSG00000235434	ENSG00000169914		25865	37028	rs6426833-?	rs6426833	0	6426833	TF_binding_site_variant	1	NR	1E-19	19.0				Illumina [9725440] (imputed)	N	inflammatory bowel disease	http://www.ebi.ac.uk/efo/EFO_0003767	GCST004131	Genome-wide genotyping array
2017-06-02	28067908	de Lange KM	2017-01-09	Nat Genet	www.ncbi.nlm.nih.gov/pubmed/28067908	Genome-wide association study implicates immune activation of multiple integrin genes in inflammatory bowel disease.	Inflammatory bowel disease	25,042 European and unknown ancestry cases, 34,915 European and unknown ancestry controls	NA	20q13.12	20	44436388	C20orf62, SERINC3, PKIG, Z97053.1, TTPAL, ADA	LINC01620			ENSG00000168746			rs6017342-?	rs6017342	0	6017342	intergenic_variant	0	NR	1E-17	17.0				Illumina [9725440] (imputed)	N	inflammatory bowel disease	http://www.ebi.ac.uk/efo/EFO_0003767	GCST004131	Genome-wide genotyping array
2017-06-02	28067908	de Lange KM	2017-01-09	Nat Genet	www.ncbi.nlm.nih.gov/pubmed/28067908	Genome-wide association study implicates immune activation of multiple integrin genes in inflammatory bowel disease.	Inflammatory bowel disease	25,042 European and unknown ancestry cases, 34,915 European and unknown ancestry controls	NA	17q21.2	17	42375526	NAGLU, STAT5A, PTRF, STAT5B, STAT3, ATP6V0A1	STAT3			ENSG00000168610			rs12942547-?	rs12942547	0	12942547	intron_variant	0	NR	2E-17	16.69897000433602				Illumina [9725440] (imputed)	N	inflammatory bowel disease	http://www.ebi.ac.uk/efo/EFO_0003767	GCST004131	Genome-wide genotyping array
2017-06-02	28067908	de Lange KM	2017-01-09	Nat Genet	www.ncbi.nlm.nih.gov/pubmed/28067908	Genome-wide association study implicates immune activation of multiple integrin genes in inflammatory bowel disease.	Inflammatory bowel disease	25,042 European and unknown ancestry cases, 34,915 European and unknown ancestry controls	NA	19p13.3	19	1124032	GPX4, SBNO2, STK11	SBNO2			ENSG00000064932			rs2024092-?	rs2024092	0	2024092	splice_polypyrimidine_tract_variant	0	NR	5E-17	16.30102999566398				Illumina [9725440] (imputed)	N	inflammatory bowel disease	http://www.ebi.ac.uk/efo/EFO_0003767	GCST004131	Genome-wide genotyping array
2017-06-02	28067908	de Lange KM	2017-01-09	Nat Genet	www.ncbi.nlm.nih.gov/pubmed/28067908	Genome-wide association study implicates immune activation of multiple integrin genes in inflammatory bowel disease.	Inflammatory bowel disease	25,042 European and unknown ancestry cases, 34,915 European and unknown ancestry controls	NA	18p11.21	18	12818923	PTPN2	PTPN2			ENSG00000175354			rs80262450-?	rs80262450	0	80262450	intron_variant	0	NR	1E-16	16.0				Illumina [9725440] (imputed)	N	inflammatory bowel disease	http://www.ebi.ac.uk/efo/EFO_0003767	GCST004131	Genome-wide genotyping array
2017-06-02	28067908	de Lange KM	2017-01-09	Nat Genet	www.ncbi.nlm.nih.gov/pubmed/28067908	Genome-wide association study implicates immune activation of multiple integrin genes in inflammatory bowel disease.	Inflammatory bowel disease	25,042 European and unknown ancestry cases, 34,915 European and unknown ancestry controls	NA	7q31.1	7	107839870	SLC26A3, DLD, LAMB1	PIGCP2 - DLD	ENSG00000229626	ENSG00000091140		30302	51292	rs4380874-?	rs4380874	0	4380874	intergenic_variant	1	NR	8E-16	15.096910013008056				Illumina [9725440] (imputed)	N	inflammatory bowel disease	http://www.ebi.ac.uk/efo/EFO_0003767	GCST004131	Genome-wide genotyping array
2017-06-02	28067908	de Lange KM	2017-01-09	Nat Genet	www.ncbi.nlm.nih.gov/pubmed/28067908	Genome-wide association study implicates immune activation of multiple integrin genes in inflammatory bowel disease.	Inflammatory bowel disease	25,042 European and unknown ancestry cases, 34,915 European and unknown ancestry controls	NA	12q12	12	40346421	SLC2A13, LRRK2, MUC19	LRRK2			ENSG00000188906			rs148319899-?	rs148319899	0	148319899	intron_variant	0	NR	3E-15	14.522878745280337				Illumina [9725440] (imputed)	N	inflammatory bowel disease	http://www.ebi.ac.uk/efo/EFO_0003767	GCST004131	Genome-wide genotyping array
2017-06-02	28067908	de Lange KM	2017-01-09	Nat Genet	www.ncbi.nlm.nih.gov/pubmed/28067908	Genome-wide association study implicates immune activation of multiple integrin genes in inflammatory bowel disease.	Inflammatory bowel disease	25,042 European and unknown ancestry cases, 34,915 European and unknown ancestry controls	NA	5q33.1	5	150898347	RPS14, TCOF1, CD74, NDST1, SYNPO, MYOZ3, DCTN4, SMIM3, AC010441.1, IRGM, ZNF300, GPX3, ANXA6, SLC36A3, SLC36A2, RBM22, TNIP1, CCDC69, GM2A	ZNF300, IRGM			ENSG00000145908, ENSG00000237693			rs11741861-?	rs11741861	0	11741861	intron_variant	0	NR	3E-15	14.522878745280337				Illumina [9725440] (imputed)	N	inflammatory bowel disease	http://www.ebi.ac.uk/efo/EFO_0003767	GCST004131	Genome-wide genotyping array
2017-06-02	28067908	de Lange KM	2017-01-09	Nat Genet	www.ncbi.nlm.nih.gov/pubmed/28067908	Genome-wide association study implicates immune activation of multiple integrin genes in inflammatory bowel disease.	Inflammatory bowel disease	25,042 European and unknown ancestry cases, 34,915 European and unknown ancestry controls	NA	22q11.21	22	21568615	YDJC, SDF2L1, UBE2L3, CCDC116	UBE2L3			ENSG00000185651			rs2266959-?	rs2266959	0	2266959	intron_variant	0	NR	4E-15	14.397940008672037				Illumina [9725440] (imputed)	N	inflammatory bowel disease	http://www.ebi.ac.uk/efo/EFO_0003767	GCST004131	Genome-wide genotyping array
2017-06-02	28067908	de Lange KM	2017-01-09	Nat Genet	www.ncbi.nlm.nih.gov/pubmed/28067908	Genome-wide association study implicates immune activation of multiple integrin genes in inflammatory bowel disease.	Inflammatory bowel disease	25,042 European and unknown ancestry cases, 34,915 European and unknown ancestry controls	NA	1p36.12	1	22375738	Intergenic	PPIAP34 - ZBTB40	ENSG00000234397	ENSG00000184677		52407	53100	rs12568930-?	rs12568930	0	12568930	regulatory_region_variant	1	NR	8E-15	14.096910013008056				Illumina [9725440] (imputed)	N	inflammatory bowel disease	http://www.ebi.ac.uk/efo/EFO_0003767	GCST004131	Genome-wide genotyping array
2017-06-02	28067908	de Lange KM	2017-01-09	Nat Genet	www.ncbi.nlm.nih.gov/pubmed/28067908	Genome-wide association study implicates immune activation of multiple integrin genes in inflammatory bowel disease.	Inflammatory bowel disease	25,042 European and unknown ancestry cases, 34,915 European and unknown ancestry controls	NA	2q37.3	2	240634984	GPR35	GPR35 - AQP12B	ENSG00000178623	ENSG00000185176		1825	41434	rs4676408-?	rs4676408	0	4676408	intergenic_variant	1	NR	8E-15	14.096910013008056				Illumina [9725440] (imputed)	N	inflammatory bowel disease	http://www.ebi.ac.uk/efo/EFO_0003767	GCST004131	Genome-wide genotyping array
2017-06-02	28067908	de Lange KM	2017-01-09	Nat Genet	www.ncbi.nlm.nih.gov/pubmed/28067908	Genome-wide association study implicates immune activation of multiple integrin genes in inflammatory bowel disease.	Inflammatory bowel disease	25,042 European and unknown ancestry cases, 34,915 European and unknown ancestry controls	NA	6q27	6	166960059	RP11-514O12.4, RNASET2, FGFR1OP, CCR6	RNASET2 - MIR3939	ENSG00000026297	ENSG00000265828		2868	37748	rs1819333-?	rs1819333	0	1819333	regulatory_region_variant	1	NR	9E-15	14.045757490560675				Illumina [9725440] (imputed)	N	inflammatory bowel disease	http://www.ebi.ac.uk/efo/EFO_0003767	GCST004131	Genome-wide genotyping array
2017-06-02	28067908	de Lange KM	2017-01-09	Nat Genet	www.ncbi.nlm.nih.gov/pubmed/28067908	Genome-wide association study implicates immune activation of multiple integrin genes in inflammatory bowel disease.	Inflammatory bowel disease	25,042 European and unknown ancestry cases, 34,915 European and unknown ancestry controls	NA	3q28	3	188683372	LPP	LPP			ENSG00000145012			rs56116661-?	rs56116661	0	56116661	intron_variant	0	NR	9E-10	9.045757490560675				Illumina [9725440] (imputed)	N	inflammatory bowel disease	http://www.ebi.ac.uk/efo/EFO_0003767	GCST004131	Genome-wide genotyping array
2017-06-02	28067908	de Lange KM	2017-01-09	Nat Genet	www.ncbi.nlm.nih.gov/pubmed/28067908	Genome-wide association study implicates immune activation of multiple integrin genes in inflammatory bowel disease.	Inflammatory bowel disease	25,042 European and unknown ancestry cases, 34,915 European and unknown ancestry controls	NA	6q15	6	90263440	BACH2	BACH2			ENSG00000112182			rs1847472-?	rs1847472	0	1847472	intron_variant	0	NR	2E-9	8.698970004336019				Illumina [9725440] (imputed)	N	inflammatory bowel disease	http://www.ebi.ac.uk/efo/EFO_0003767	GCST004131	Genome-wide genotyping array
2017-06-02	28067908	de Lange KM	2017-01-09	Nat Genet	www.ncbi.nlm.nih.gov/pubmed/28067908	Genome-wide association study implicates immune activation of multiple integrin genes in inflammatory bowel disease.	Inflammatory bowel disease	25,042 European and unknown ancestry cases, 34,915 European and unknown ancestry controls	NA	12q24.12	12	111569952	SH2B3, BRAP, ACAD10, ALDH2, TMEM116, NAA25, ATXN2, MAPKAPK5, ERP29, RP11-162P23.2	ATXN2			ENSG00000204842			rs653178-?	rs653178	0	653178	intron_variant	0	NR	2E-9	8.698970004336019				Illumina [9725440] (imputed)	N	inflammatory bowel disease	http://www.ebi.ac.uk/efo/EFO_0003767	GCST004131	Genome-wide genotyping array
2017-06-02	28067908	de Lange KM	2017-01-09	Nat Genet	www.ncbi.nlm.nih.gov/pubmed/28067908	Genome-wide association study implicates immune activation of multiple integrin genes in inflammatory bowel disease.	Inflammatory bowel disease	25,042 European and unknown ancestry cases, 34,915 European and unknown ancestry controls	NA	10q25.2	10	110426390	Intergenic	DUSP5-DT			ENSG00000273143			rs11195128-?	rs11195128	0	11195128	regulatory_region_variant	0	NR	3E-9	8.522878745280337				Illumina [9725440] (imputed)	N	inflammatory bowel disease	http://www.ebi.ac.uk/efo/EFO_0003767	GCST004131	Genome-wide genotyping array
2017-06-02	28067908	de Lange KM	2017-01-09	Nat Genet	www.ncbi.nlm.nih.gov/pubmed/28067908	Genome-wide association study implicates immune activation of multiple integrin genes in inflammatory bowel disease.	Inflammatory bowel disease	25,042 European and unknown ancestry cases, 34,915 European and unknown ancestry controls	NA	20q13.32	20	59249254	ZNF831	ZNF831			ENSG00000124203			rs259964-?	rs259964	0	259964	intron_variant	0	NR	3E-9	8.522878745280337				Illumina [9725440] (imputed)	N	inflammatory bowel disease	http://www.ebi.ac.uk/efo/EFO_0003767	GCST004131	Genome-wide genotyping array
2017-06-02	28067908	de Lange KM	2017-01-09	Nat Genet	www.ncbi.nlm.nih.gov/pubmed/28067908	Genome-wide association study implicates immune activation of multiple integrin genes in inflammatory bowel disease.	Inflammatory bowel disease	25,042 European and unknown ancestry cases, 34,915 European and unknown ancestry controls	NA	5q35.3	5	177361569	RGS14, SLC34A1	RGS14			ENSG00000169220			rs4976646-?	rs4976646	0	4976646	intron_variant	0	NR	4E-9	8.397940008672037				Illumina [9725440] (imputed)	N	inflammatory bowel disease	http://www.ebi.ac.uk/efo/EFO_0003767	GCST004131	Genome-wide genotyping array
2017-06-02	28067908	de Lange KM	2017-01-09	Nat Genet	www.ncbi.nlm.nih.gov/pubmed/28067908	Genome-wide association study implicates immune activation of multiple integrin genes in inflammatory bowel disease.	Inflammatory bowel disease	25,042 European and unknown ancestry cases, 34,915 European and unknown ancestry controls	NA	5q32	5	150226431	SLC6A7, CAMK2A	CAMK2A			ENSG00000070808			rs17656349-?	rs17656349	0	17656349	intron_variant	0	NR	5E-9	8.301029995663981				Illumina [9725440] (imputed)	N	inflammatory bowel disease	http://www.ebi.ac.uk/efo/EFO_0003767	GCST004131	Genome-wide genotyping array
2017-06-02	28067908	de Lange KM	2017-01-09	Nat Genet	www.ncbi.nlm.nih.gov/pubmed/28067908	Genome-wide association study implicates immune activation of multiple integrin genes in inflammatory bowel disease.	Inflammatory bowel disease	25,042 European and unknown ancestry cases, 34,915 European and unknown ancestry controls	NA	2p21	2	43579779	ZFP36L2, THADA	THADA			ENSG00000115970			rs10495903-?	rs10495903	0	10495903	intron_variant	0	NR	6E-9	8.221848749616356				Illumina [9725440] (imputed)	N	inflammatory bowel disease	http://www.ebi.ac.uk/efo/EFO_0003767	GCST004131	Genome-wide genotyping array
2017-06-02	28067908	de Lange KM	2017-01-09	Nat Genet	www.ncbi.nlm.nih.gov/pubmed/28067908	Genome-wide association study implicates immune activation of multiple integrin genes in inflammatory bowel disease.	Inflammatory bowel disease	25,042 European and unknown ancestry cases, 34,915 European and unknown ancestry controls	NA	21q22.11	21	33404389	IFNGR2	IFNGR2			ENSG00000159128			rs2284553-?	rs2284553	0	2284553	intron_variant	0	NR	7E-9	8.154901959985743				Illumina [9725440] (imputed)	N	inflammatory bowel disease	http://www.ebi.ac.uk/efo/EFO_0003767	GCST004131	Genome-wide genotyping array
2017-06-02	28067908	de Lange KM	2017-01-09	Nat Genet	www.ncbi.nlm.nih.gov/pubmed/28067908	Genome-wide association study implicates immune activation of multiple integrin genes in inflammatory bowel disease.	Inflammatory bowel disease	25,042 European and unknown ancestry cases, 34,915 European and unknown ancestry controls	NA	1q24.3	1	172884320	Intergenic	SLC25A38P1 - AIMP1P2	ENSG00000229785	ENSG00000227177		134818	1627	rs7517810-?	rs7517810	0	7517810	regulatory_region_variant	1	NR	8E-9	8.096910013008056				Illumina [9725440] (imputed)	N	inflammatory bowel disease	http://www.ebi.ac.uk/efo/EFO_0003767	GCST004131	Genome-wide genotyping array
2017-06-02	28067908	de Lange KM	2017-01-09	Nat Genet	www.ncbi.nlm.nih.gov/pubmed/28067908	Genome-wide association study implicates immune activation of multiple integrin genes in inflammatory bowel disease.	Inflammatory bowel disease	25,042 European and unknown ancestry cases, 34,915 European and unknown ancestry controls	NA	7q22.1	7	99161494	KPNA7, SMURF1	SMURF1 - KPNA7	ENSG00000198742	ENSG00000185467		17386	12078	rs9297145-?	rs9297145	0	9297145	intergenic_variant	1	NR	8E-9	8.096910013008056				Illumina [9725440] (imputed)	N	inflammatory bowel disease	http://www.ebi.ac.uk/efo/EFO_0003767	GCST004131	Genome-wide genotyping array
2017-06-02	28067908	de Lange KM	2017-01-09	Nat Genet	www.ncbi.nlm.nih.gov/pubmed/28067908	Genome-wide association study implicates immune activation of multiple integrin genes in inflammatory bowel disease.	Inflammatory bowel disease	25,042 European and unknown ancestry cases, 34,915 European and unknown ancestry controls	NA	6q23.3	6	137685367	Intergenic	LINC03004			ENSG00000230533			rs6920220-?	rs6920220	0	6920220	intergenic_variant	0	NR	1E-8	8.0				Illumina [9725440] (imputed)	N	inflammatory bowel disease	http://www.ebi.ac.uk/efo/EFO_0003767	GCST004131	Genome-wide genotyping array
2017-06-02	28067908	de Lange KM	2017-01-09	Nat Genet	www.ncbi.nlm.nih.gov/pubmed/28067908	Genome-wide association study implicates immune activation of multiple integrin genes in inflammatory bowel disease.	Inflammatory bowel disease	25,042 European and unknown ancestry cases, 34,915 European and unknown ancestry controls	NA	1q23.3	1	160887174	ITLN1, ITLN2	ITLN1 - ITLN2	ENSG00000179914	ENSG00000158764		1994	57851	rs4656958-?	rs4656958	0	4656958	intergenic_variant	1	NR	2E-8	7.698970004336019				Illumina [9725440] (imputed)	N	inflammatory bowel disease	http://www.ebi.ac.uk/efo/EFO_0003767	GCST004131	Genome-wide genotyping array
2017-06-02	28067908	de Lange KM	2017-01-09	Nat Genet	www.ncbi.nlm.nih.gov/pubmed/28067908	Genome-wide association study implicates immune activation of multiple integrin genes in inflammatory bowel disease.	Inflammatory bowel disease	25,042 European and unknown ancestry cases, 34,915 European and unknown ancestry controls	NA	11q24.3	11	128511079	ETS1	ETS1			ENSG00000134954			rs11221332-?	rs11221332	0	11221332	intron_variant	0	NR	2E-8	7.698970004336019				Illumina [9725440] (imputed)	N	inflammatory bowel disease	http://www.ebi.ac.uk/efo/EFO_0003767	GCST004131	Genome-wide genotyping array
2017-06-02	28067908	de Lange KM	2017-01-09	Nat Genet	www.ncbi.nlm.nih.gov/pubmed/28067908	Genome-wide association study implicates immune activation of multiple integrin genes in inflammatory bowel disease.	Inflammatory bowel disease	25,042 European and unknown ancestry cases, 34,915 European and unknown ancestry controls	NA	13q14.11	13	43883789	LACC1, CCDC122	LACC1			ENSG00000179630			rs3764147-?	rs3764147	0	3764147	missense_variant	0	NR	3E-8	7.522878745280337				Illumina [9725440] (imputed)	N	inflammatory bowel disease	http://www.ebi.ac.uk/efo/EFO_0003767	GCST004131	Genome-wide genotyping array
2017-06-02	28067908	de Lange KM	2017-01-09	Nat Genet	www.ncbi.nlm.nih.gov/pubmed/28067908	Genome-wide association study implicates immune activation of multiple integrin genes in inflammatory bowel disease.	Inflammatory bowel disease	25,042 European and unknown ancestry cases, 34,915 European and unknown ancestry controls	NA	22q12.2	22	30097893	UQCR10, ASCC2, ZMAT5, HORMAD2, MTMR3	HORMAD2			ENSG00000176635			rs5763767-?	rs5763767	0	5763767	intron_variant	0	NR	4E-8	7.3979400086720375				Illumina [9725440] (imputed)	N	inflammatory bowel disease	http://www.ebi.ac.uk/efo/EFO_0003767	GCST004131	Genome-wide genotyping array
2017-06-02	28067908	de Lange KM	2017-01-09	Nat Genet	www.ncbi.nlm.nih.gov/pubmed/28067908	Genome-wide association study implicates immune activation of multiple integrin genes in inflammatory bowel disease.	Inflammatory bowel disease	25,042 European and unknown ancestry cases, 34,915 European and unknown ancestry controls	NA	18q21.1	18	48868651	Intergenic	CTIF - SMAD7	ENSG00000134030	ENSG00000101665		5434	51202	rs7240004-?	rs7240004	0	7240004	regulatory_region_variant	1	NR	4E-8	7.3979400086720375				Illumina [9725440] (imputed)	N	inflammatory bowel disease	http://www.ebi.ac.uk/efo/EFO_0003767	GCST004131	Genome-wide genotyping array
2017-06-02	28067908	de Lange KM	2017-01-09	Nat Genet	www.ncbi.nlm.nih.gov/pubmed/28067908	Genome-wide association study implicates immune activation of multiple integrin genes in inflammatory bowel disease.	Inflammatory bowel disease	25,042 European and unknown ancestry cases, 34,915 European and unknown ancestry controls	NA	10q23.1	10	80494291	TSPAN14, SH2D4B	TSPAN14			ENSG00000108219			rs6586030-?	rs6586030	0	6586030	intron_variant	0	NR	5E-8	7.301029995663981				Illumina [9725440] (imputed)	N	inflammatory bowel disease	http://www.ebi.ac.uk/efo/EFO_0003767	GCST004131	Genome-wide genotyping array
2017-06-02	28067908	de Lange KM	2017-01-09	Nat Genet	www.ncbi.nlm.nih.gov/pubmed/28067908	Genome-wide association study implicates immune activation of multiple integrin genes in inflammatory bowel disease.	Inflammatory bowel disease	25,042 European and unknown ancestry cases, 34,915 European and unknown ancestry controls	NA	1q22	1	155260340	SLC50A1, DPM3, KRTCAP2, MUC1, MTX1, SCAMP3, RUSC1, RXFP4, SSR2, EFNA1, RP11-201K10.3, TRIM46, THBS3, GBA, FAM189B, CLK2, HCN3, PKLR, FDPS, YY1AP1, DAP3, GON4L, RIT1, KIAA0907, UBQLN4, EFNA3, ASH1L, MSTO1, SYT11, ARHGEF2	SCAMP3			ENSG00000116521			rs3180018-?	rs3180018	1	1142287	synonymous_variant	0	NR	6E-8	7.221848749616356				Illumina [9725440] (imputed)	N	inflammatory bowel disease	http://www.ebi.ac.uk/efo/EFO_0003767	GCST004131	Genome-wide genotyping array
2017-06-02	28067908	de Lange KM	2017-01-09	Nat Genet	www.ncbi.nlm.nih.gov/pubmed/28067908	Genome-wide association study implicates immune activation of multiple integrin genes in inflammatory bowel disease.	Inflammatory bowel disease	25,042 European and unknown ancestry cases, 34,915 European and unknown ancestry controls	NA	1q32.1	1	200132792	NR5A2	NR5A2			ENSG00000116833			rs2816958-?	rs2816958	0	2816958	intron_variant	0	NR	9E-8	7.045757490560675				Illumina [9725440] (imputed)	N	inflammatory bowel disease	http://www.ebi.ac.uk/efo/EFO_0003767	GCST004131	Genome-wide genotyping array
2017-06-02	28067908	de Lange KM	2017-01-09	Nat Genet	www.ncbi.nlm.nih.gov/pubmed/28067908	Genome-wide association study implicates immune activation of multiple integrin genes in inflammatory bowel disease.	Inflammatory bowel disease	25,042 European and unknown ancestry cases, 34,915 European and unknown ancestry controls	NA	2p23.3	2	27508073	SNX17, ZNF513, KRTCAP3, FNDC4, PPM1G, IFT172, GCKR, NRBP1	GCKR			ENSG00000084734			rs1260326-?	rs1260326	0	1260326	missense_variant	0	NR	1E-7	7.0				Illumina [9725440] (imputed)	N	inflammatory bowel disease	http://www.ebi.ac.uk/efo/EFO_0003767	GCST004131	Genome-wide genotyping array
2017-06-02	28067908	de Lange KM	2017-01-09	Nat Genet	www.ncbi.nlm.nih.gov/pubmed/28067908	Genome-wide association study implicates immune activation of multiple integrin genes in inflammatory bowel disease.	Inflammatory bowel disease	25,042 European and unknown ancestry cases, 34,915 European and unknown ancestry controls	NA	4q27	4	122430276	IL2, IL21, KIAA1109, ADAD1	ADAD1 - IL2	ENSG00000164113	ENSG00000109471		474	21194	rs1479918-?	rs1479918	0	1479918	intergenic_variant	1	NR	1E-7	7.0				Illumina [9725440] (imputed)	N	inflammatory bowel disease	http://www.ebi.ac.uk/efo/EFO_0003767	GCST004131	Genome-wide genotyping array
2017-06-02	28067908	de Lange KM	2017-01-09	Nat Genet	www.ncbi.nlm.nih.gov/pubmed/28067908	Genome-wide association study implicates immune activation of multiple integrin genes in inflammatory bowel disease.	Inflammatory bowel disease	25,042 European and unknown ancestry cases, 34,915 European and unknown ancestry controls	NA	7p22.3	7	2750246	AMZ1, GNA12	GNA12, AMZ1			ENSG00000146535, ENSG00000174945			rs798502-?	rs798502	0	798502	intron_variant	0	NR	2E-7	6.698970004336019				Illumina [9725440] (imputed)	N	inflammatory bowel disease	http://www.ebi.ac.uk/efo/EFO_0003767	GCST004131	Genome-wide genotyping array
2017-06-02	28067908	de Lange KM	2017-01-09	Nat Genet	www.ncbi.nlm.nih.gov/pubmed/28067908	Genome-wide association study implicates immune activation of multiple integrin genes in inflammatory bowel disease.	Inflammatory bowel disease	25,042 European and unknown ancestry cases, 34,915 European and unknown ancestry controls	NA	16p12.2	16	23853269	PRKCB	PRKCB			ENSG00000166501			rs7404095-?	rs7404095	0	7404095	intron_variant	0	NR	2E-7	6.698970004336019				Illumina [9725440] (imputed)	N	inflammatory bowel disease	http://www.ebi.ac.uk/efo/EFO_0003767	GCST004131	Genome-wide genotyping array
2017-06-02	28067908	de Lange KM	2017-01-09	Nat Genet	www.ncbi.nlm.nih.gov/pubmed/28067908	Genome-wide association study implicates immune activation of multiple integrin genes in inflammatory bowel disease.	Inflammatory bowel disease	25,042 European and unknown ancestry cases, 34,915 European and unknown ancestry controls	NA	2q35	2	218286495	CXCR2, CXCR1, GPBAR1, AAMP, RUFY4, ARPC2, PNKD, TMBIM1	PNKD, TMBIM1			ENSG00000127838, ENSG00000135926			rs2382817-?	rs2382817	0	2382817	intron_variant	0	NR	2E-7	6.698970004336019				Illumina [9725440] (imputed)	N	inflammatory bowel disease	http://www.ebi.ac.uk/efo/EFO_0003767	GCST004131	Genome-wide genotyping array
2017-06-02	28067908	de Lange KM	2017-01-09	Nat Genet	www.ncbi.nlm.nih.gov/pubmed/28067908	Genome-wide association study implicates immune activation of multiple integrin genes in inflammatory bowel disease.	Inflammatory bowel disease	25,042 European and unknown ancestry cases, 34,915 European and unknown ancestry controls	NA	1q23.3	1	161509955	HSPA6, FCGR3A, FCGR3B, FCGR2B, FCGR2A	FCGR2A			ENSG00000143226			rs1801274-?	rs1801274	0	1801274	missense_variant	0	NR	9E-14	13.045757490560675				Illumina [9725440] (imputed)	N	inflammatory bowel disease	http://www.ebi.ac.uk/efo/EFO_0003767	GCST004131	Genome-wide genotyping array
2017-06-02	28067908	de Lange KM	2017-01-09	Nat Genet	www.ncbi.nlm.nih.gov/pubmed/28067908	Genome-wide association study implicates immune activation of multiple integrin genes in inflammatory bowel disease.	Inflammatory bowel disease	25,042 European and unknown ancestry cases, 34,915 European and unknown ancestry controls	NA	6q21	6	105987394	Intergenic	RN7SKP211 - PRDM1	ENSG00000200198	ENSG00000057657		82707	6069	rs7746082-?	rs7746082	0	7746082	regulatory_region_variant	1	NR	9E-13	12.045757490560675				Illumina [9725440] (imputed)	N	inflammatory bowel disease	http://www.ebi.ac.uk/efo/EFO_0003767	GCST004131	Genome-wide genotyping array
2017-06-02	28067908	de Lange KM	2017-01-09	Nat Genet	www.ncbi.nlm.nih.gov/pubmed/28067908	Genome-wide association study implicates immune activation of multiple integrin genes in inflammatory bowel disease.	Inflammatory bowel disease	25,042 European and unknown ancestry cases, 34,915 European and unknown ancestry controls	NA	1p36.23	1	7962137	VAMP3, UTS2, PARK7, ERRFI1, PER3, TNFRSF9, CAMTA1	PARK7			ENSG00000116288			rs3766606-?	rs3766606	0	3766606	intron_variant	0	NR	1E-12	12.0				Illumina [9725440] (imputed)	N	inflammatory bowel disease	http://www.ebi.ac.uk/efo/EFO_0003767	GCST004131	Genome-wide genotyping array
2017-06-02	28067908	de Lange KM	2017-01-09	Nat Genet	www.ncbi.nlm.nih.gov/pubmed/28067908	Genome-wide association study implicates immune activation of multiple integrin genes in inflammatory bowel disease.	Inflammatory bowel disease	25,042 European and unknown ancestry cases, 34,915 European and unknown ancestry controls	NA	19q13.11	19	33240645	Intergenic	SLC7A10 - CEBPA	ENSG00000130876	ENSG00000245848		14795	59289	rs17694108-?	rs17694108	0	17694108	intergenic_variant	1	NR	1E-12	12.0				Illumina [9725440] (imputed)	N	inflammatory bowel disease	http://www.ebi.ac.uk/efo/EFO_0003767	GCST004131	Genome-wide genotyping array
2017-06-02	28067908	de Lange KM	2017-01-09	Nat Genet	www.ncbi.nlm.nih.gov/pubmed/28067908	Genome-wide association study implicates immune activation of multiple integrin genes in inflammatory bowel disease.	Inflammatory bowel disease	25,042 European and unknown ancestry cases, 34,915 European and unknown ancestry controls	NA	17q12	17	34266955	AC005549.3, CCL2, CCL7, CCL11	CCL2 - CCL7	ENSG00000108691	ENSG00000108688		9747	3266	rs3091316-?	rs3091316	0	3091316	intergenic_variant	1	NR	1E-12	12.0				Illumina [9725440] (imputed)	N	inflammatory bowel disease	http://www.ebi.ac.uk/efo/EFO_0003767	GCST004131	Genome-wide genotyping array
2017-06-02	28067908	de Lange KM	2017-01-09	Nat Genet	www.ncbi.nlm.nih.gov/pubmed/28067908	Genome-wide association study implicates immune activation of multiple integrin genes in inflammatory bowel disease.	Inflammatory bowel disease	25,042 European and unknown ancestry cases, 34,915 European and unknown ancestry controls	NA	16q12.1	16	50301163	ADCY7	ADCY7			ENSG00000121281			rs78534766-?	rs78534766	0	78534766	missense_variant	0	NR	2E-12	11.698970004336019				Illumina [9725440] (imputed)	N	inflammatory bowel disease	http://www.ebi.ac.uk/efo/EFO_0003767	GCST004131	Genome-wide genotyping array
2017-06-02	28067908	de Lange KM	2017-01-09	Nat Genet	www.ncbi.nlm.nih.gov/pubmed/28067908	Genome-wide association study implicates immune activation of multiple integrin genes in inflammatory bowel disease.	Inflammatory bowel disease	25,042 European and unknown ancestry cases, 34,915 European and unknown ancestry controls	NA	16p11.2	16	28517460	IL27, NUPR1, TUFM, NPIPB6, EIF3CL, NPIPB7, CLN3, APOBR, SULT1A2, SULT1A1, NPIPB8, NPIPB9, SH2B1, ATP2A1, RABEP2, CD19, CCDC101, EIF3C, ATXN2L	IL27 - NUPR1	ENSG00000197272	ENSG00000176046		5409	15248	rs28449958-?	rs28449958	0	28449958	intergenic_variant	1	NR	2E-12	11.698970004336019				Illumina [9725440] (imputed)	N	inflammatory bowel disease	http://www.ebi.ac.uk/efo/EFO_0003767	GCST004131	Genome-wide genotyping array
2017-06-02	28067908	de Lange KM	2017-01-09	Nat Genet	www.ncbi.nlm.nih.gov/pubmed/28067908	Genome-wide association study implicates immune activation of multiple integrin genes in inflammatory bowel disease.	Inflammatory bowel disease	25,042 European and unknown ancestry cases, 34,915 European and unknown ancestry controls	NA	8q24.13	8	125522429	Intergenic	TRIB1AL			ENSG00000253111			rs921720-?	rs921720	0	921720	regulatory_region_variant	0	NR	3E-12	11.522878745280337				Illumina [9725440] (imputed)	N	inflammatory bowel disease	http://www.ebi.ac.uk/efo/EFO_0003767	GCST004131	Genome-wide genotyping array
2017-06-02	28067908	de Lange KM	2017-01-09	Nat Genet	www.ncbi.nlm.nih.gov/pubmed/28067908	Genome-wide association study implicates immune activation of multiple integrin genes in inflammatory bowel disease.	Inflammatory bowel disease	25,042 European and unknown ancestry cases, 34,915 European and unknown ancestry controls	NA	10p11.23	10	30439172	MAP3K8	MAP3K8			ENSG00000107968			rs1042058-?	rs1042058	0	1042058	synonymous_variant	0	NR	3E-12	11.522878745280337				Illumina [9725440] (imputed)	N	inflammatory bowel disease	http://www.ebi.ac.uk/efo/EFO_0003767	GCST004131	Genome-wide genotyping array
2017-06-02	28067908	de Lange KM	2017-01-09	Nat Genet	www.ncbi.nlm.nih.gov/pubmed/28067908	Genome-wide association study implicates immune activation of multiple integrin genes in inflammatory bowel disease.	Inflammatory bowel disease	25,042 European and unknown ancestry cases, 34,915 European and unknown ancestry controls	NA	10q22.3	10	79300560	ZMIZ1	ZMIZ1			ENSG00000108175			rs1250550-?	rs1250550	0	1250550	intron_variant	0	NR	4E-12	11.397940008672037				Illumina [9725440] (imputed)	N	inflammatory bowel disease	http://www.ebi.ac.uk/efo/EFO_0003767	GCST004131	Genome-wide genotyping array
2017-06-02	28067908	de Lange KM	2017-01-09	Nat Genet	www.ncbi.nlm.nih.gov/pubmed/28067908	Genome-wide association study implicates immune activation of multiple integrin genes in inflammatory bowel disease.	Inflammatory bowel disease	25,042 European and unknown ancestry cases, 34,915 European and unknown ancestry controls	NA	10p11.21	10	35177257	CUL2, CREM, CCNY	CREM			ENSG00000095794			rs34779708-?	rs34779708	0	34779708	intron_variant	0	NR	6E-12	11.221848749616356				Illumina [9725440] (imputed)	N	inflammatory bowel disease	http://www.ebi.ac.uk/efo/EFO_0003767	GCST004131	Genome-wide genotyping array
2017-06-02	28067908	de Lange KM	2017-01-09	Nat Genet	www.ncbi.nlm.nih.gov/pubmed/28067908	Genome-wide association study implicates immune activation of multiple integrin genes in inflammatory bowel disease.	Inflammatory bowel disease	25,042 European and unknown ancestry cases, 34,915 European and unknown ancestry controls	NA	19p13.2	19	10402235	CTD-2369P2.12, ICAM3, ZGLP1, CTD-2369P2.10, FDX1L, RAVER1, CDC37, PDE4A, KEAP1, TYK2	CDC37			ENSG00000105401			rs11879191-?	rs11879191	0	11879191	intron_variant	0	NR	2E-11	10.698970004336019				Illumina [9725440] (imputed)	N	inflammatory bowel disease	http://www.ebi.ac.uk/efo/EFO_0003767	GCST004131	Genome-wide genotyping array
2017-06-02	28067908	de Lange KM	2017-01-09	Nat Genet	www.ncbi.nlm.nih.gov/pubmed/28067908	Genome-wide association study implicates immune activation of multiple integrin genes in inflammatory bowel disease.	Inflammatory bowel disease	25,042 European and unknown ancestry cases, 34,915 European and unknown ancestry controls	NA	16q24.1	16	85980635	Intergenic	LINC02132 - LINC01082	ENSG00000268804	ENSG00000269186		44361	170716	rs16940202-?	rs16940202	0	16940202	intergenic_variant	1	NR	3E-11	10.522878745280337				Illumina [9725440] (imputed)	N	inflammatory bowel disease	http://www.ebi.ac.uk/efo/EFO_0003767	GCST004131	Genome-wide genotyping array
2017-06-02	28067908	de Lange KM	2017-01-09	Nat Genet	www.ncbi.nlm.nih.gov/pubmed/28067908	Genome-wide association study implicates immune activation of multiple integrin genes in inflammatory bowel disease.	Inflammatory bowel disease	25,042 European and unknown ancestry cases, 34,915 European and unknown ancestry controls	NA	14q31.3	14	88006251	GALC, GPR65	GPR65			ENSG00000140030			rs8005161-?	rs8005161	0	8005161	intron_variant	0	NR	3E-11	10.522878745280337				Illumina [9725440] (imputed)	N	inflammatory bowel disease	http://www.ebi.ac.uk/efo/EFO_0003767	GCST004131	Genome-wide genotyping array
2017-06-02	28067908	de Lange KM	2017-01-09	Nat Genet	www.ncbi.nlm.nih.gov/pubmed/28067908	Genome-wide association study implicates immune activation of multiple integrin genes in inflammatory bowel disease.	Inflammatory bowel disease	25,042 European and unknown ancestry cases, 34,915 European and unknown ancestry controls	NA	17q24.3	17	72646784	SLC39A11	SLC39A11			ENSG00000133195			rs17780256-?	rs17780256	0	17780256	3_prime_UTR_variant	0	NR	4E-11	10.397940008672037				Illumina [9725440] (imputed)	N	inflammatory bowel disease	http://www.ebi.ac.uk/efo/EFO_0003767	GCST004131	Genome-wide genotyping array
2017-06-02	28067908	de Lange KM	2017-01-09	Nat Genet	www.ncbi.nlm.nih.gov/pubmed/28067908	Genome-wide association study implicates immune activation of multiple integrin genes in inflammatory bowel disease.	Inflammatory bowel disease	25,042 European and unknown ancestry cases, 34,915 European and unknown ancestry controls	NA	1q31.3	1	197732149	CRB1, DENND1B	DENND1B			ENSG00000213047			rs2488397-?	rs2488397	0	2488397	intron_variant	0	NR	4E-11	10.397940008672037				Illumina [9725440] (imputed)	N	inflammatory bowel disease	http://www.ebi.ac.uk/efo/EFO_0003767	GCST004131	Genome-wide genotyping array
2017-06-02	28067908	de Lange KM	2017-01-09	Nat Genet	www.ncbi.nlm.nih.gov/pubmed/28067908	Genome-wide association study implicates immune activation of multiple integrin genes in inflammatory bowel disease.	Inflammatory bowel disease	25,042 European and unknown ancestry cases, 34,915 European and unknown ancestry controls	NA	2q12.1	2	102322576	IL1RL2, IL1RL1, IL18R1, IL18RAP, SLC9A4, IL1R2, IL1R1	IL18R1, IL1RL1			ENSG00000115604, ENSG00000115602			rs13001325-?	rs13001325	0	13001325	intron_variant	0	NR	5E-11	10.301029995663981				Illumina [9725440] (imputed)	N	inflammatory bowel disease	http://www.ebi.ac.uk/efo/EFO_0003767	GCST004131	Genome-wide genotyping array
2017-06-02	28067908	de Lange KM	2017-01-09	Nat Genet	www.ncbi.nlm.nih.gov/pubmed/28067908	Genome-wide association study implicates immune activation of multiple integrin genes in inflammatory bowel disease.	Inflammatory bowel disease	25,042 European and unknown ancestry cases, 34,915 European and unknown ancestry controls	NA	7p12.2	7	50264865	C7orf72, ZPBP	SPMIP7 - IKZF1	ENSG00000164500	ENSG00000185811		105609	39203	rs1456896-?	rs1456896	0	1456896	regulatory_region_variant	1	NR	5E-11	10.301029995663981				Illumina [9725440] (imputed)	N	inflammatory bowel disease	http://www.ebi.ac.uk/efo/EFO_0003767	GCST004131	Genome-wide genotyping array
2017-06-02	28067908	de Lange KM	2017-01-09	Nat Genet	www.ncbi.nlm.nih.gov/pubmed/28067908	Genome-wide association study implicates immune activation of multiple integrin genes in inflammatory bowel disease.	Inflammatory bowel disease	25,042 European and unknown ancestry cases, 34,915 European and unknown ancestry controls	NA	2p23.2	2	28391927	FOSL2	FOSL2-AS1			ENSG00000229951			rs925255-?	rs925255	0	925255	intergenic_variant	0	NR	6E-11	10.221848749616356				Illumina [9725440] (imputed)	N	inflammatory bowel disease	http://www.ebi.ac.uk/efo/EFO_0003767	GCST004131	Genome-wide genotyping array
2017-06-02	28067908	de Lange KM	2017-01-09	Nat Genet	www.ncbi.nlm.nih.gov/pubmed/28067908	Genome-wide association study implicates immune activation of multiple integrin genes in inflammatory bowel disease.	Inflammatory bowel disease	25,042 European and unknown ancestry cases, 34,915 European and unknown ancestry controls	NA	6p23	6	14719265	Intergenic	RNU6-793P - RPL6P17	ENSG00000206960	ENSG00000216754		72627	383681	rs17119-?	rs17119	0	17119	intergenic_variant	1	NR	9E-11	10.045757490560675				Illumina [9725440] (imputed)	N	inflammatory bowel disease	http://www.ebi.ac.uk/efo/EFO_0003767	GCST004131	Genome-wide genotyping array
2017-06-02	28067908	de Lange KM	2017-01-09	Nat Genet	www.ncbi.nlm.nih.gov/pubmed/28067908	Genome-wide association study implicates immune activation of multiple integrin genes in inflammatory bowel disease.	Inflammatory bowel disease	25,042 European and unknown ancestry cases, 34,915 European and unknown ancestry controls	NA	5q15	5	96917099	ERAP2, CTD-2260A17.2, LNPEP	ERAP2			ENSG00000164308			rs1363907-?	rs1363907	0	1363907	intron_variant	0	NR	1E-10	10.0				Illumina [9725440] (imputed)	N	inflammatory bowel disease	http://www.ebi.ac.uk/efo/EFO_0003767	GCST004131	Genome-wide genotyping array
2017-06-02	28067908	de Lange KM	2017-01-09	Nat Genet	www.ncbi.nlm.nih.gov/pubmed/28067908	Genome-wide association study implicates immune activation of multiple integrin genes in inflammatory bowel disease.	Inflammatory bowel disease	25,042 European and unknown ancestry cases, 34,915 European and unknown ancestry controls	NA	6q21	6	111526988	KIAA1919, TRAF3IP2, SLC16A10, REV3L, FYN	TRAF3IP2-AS1			ENSG00000231889			rs3851228-?	rs3851228	0	3851228	intergenic_variant	0	NR	4E-10	9.397940008672037				Illumina [9725440] (imputed)	N	inflammatory bowel disease	http://www.ebi.ac.uk/efo/EFO_0003767	GCST004131	Genome-wide genotyping array
2017-06-02	28067908	de Lange KM	2017-01-09	Nat Genet	www.ncbi.nlm.nih.gov/pubmed/28067908	Genome-wide association study implicates immune activation of multiple integrin genes in inflammatory bowel disease.	Inflammatory bowel disease	25,042 European and unknown ancestry cases, 34,915 European and unknown ancestry controls	NA	5p13.1	5	38867630	OSMR	OSMR			ENSG00000145623			rs395157-?	rs395157	0	395157	intron_variant	0	NR	5E-10	9.301029995663981				Illumina [9725440] (imputed)	N	inflammatory bowel disease	http://www.ebi.ac.uk/efo/EFO_0003767	GCST004131	Genome-wide genotyping array
2017-06-02	28067908	de Lange KM	2017-01-09	Nat Genet	www.ncbi.nlm.nih.gov/pubmed/28067908	Genome-wide association study implicates immune activation of multiple integrin genes in inflammatory bowel disease.	Inflammatory bowel disease	25,042 European and unknown ancestry cases, 34,915 European and unknown ancestry controls	NA	5q31.3	5	142133639	NDFIP1	NDFIP1			ENSG00000131507			rs6863411-?	rs6863411	0	6863411	intron_variant	0	NR	5E-10	9.301029995663981				Illumina [9725440] (imputed)	N	inflammatory bowel disease	http://www.ebi.ac.uk/efo/EFO_0003767	GCST004131	Genome-wide genotyping array
2017-06-02	28067908	de Lange KM	2017-01-09	Nat Genet	www.ncbi.nlm.nih.gov/pubmed/28067908	Genome-wide association study implicates immune activation of multiple integrin genes in inflammatory bowel disease.	Inflammatory bowel disease	25,042 European and unknown ancestry cases, 34,915 European and unknown ancestry controls	NA	13q12.13	13	26957130	Intergenic	FGFR1OP2P1 - RPS21P8	ENSG00000230256	ENSG00000223782		51269	20413	rs17085007-?	rs17085007	0	17085007	intergenic_variant	1	NR	7E-10	9.154901959985743				Illumina [9725440] (imputed)	N	inflammatory bowel disease	http://www.ebi.ac.uk/efo/EFO_0003767	GCST004131	Genome-wide genotyping array
2017-06-02	28067908	de Lange KM	2017-01-09	Nat Genet	www.ncbi.nlm.nih.gov/pubmed/28067908	Genome-wide association study implicates immune activation of multiple integrin genes in inflammatory bowel disease.	Inflammatory bowel disease	25,042 European and unknown ancestry cases, 34,915 European and unknown ancestry controls	NA	2q36.3	2	227805760	Intergenic	CCL20			ENSG00000115009			rs1811711-?	rs1811711	0	1811711	regulatory_region_variant	0	NR	2E-7	6.698970004336019				Illumina [9725440] (imputed)	N	inflammatory bowel disease	http://www.ebi.ac.uk/efo/EFO_0003767	GCST004131	Genome-wide genotyping array
2017-06-02	28067908	de Lange KM	2017-01-09	Nat Genet	www.ncbi.nlm.nih.gov/pubmed/28067908	Genome-wide association study implicates immune activation of multiple integrin genes in inflammatory bowel disease.	Inflammatory bowel disease	25,042 European and unknown ancestry cases, 34,915 European and unknown ancestry controls	NA	1p36.33	1	1312114	SCNN1D, CPSF3L, TAS1R3, RP4-758J18.2, MRPL20, UBE2J2, ACAP3, PUSL1, GLTPD1, DVL1, MXRA8, CCNL2, AURKAIP1	INTS11			ENSG00000127054			rs12103-?	rs12103	0	12103	synonymous_variant	0	NR	2E-7	6.698970004336019				Illumina [9725440] (imputed)	N	inflammatory bowel disease	http://www.ebi.ac.uk/efo/EFO_0003767	GCST004131	Genome-wide genotyping array
2017-06-02	28067908	de Lange KM	2017-01-09	Nat Genet	www.ncbi.nlm.nih.gov/pubmed/28067908	Genome-wide association study implicates immune activation of multiple integrin genes in inflammatory bowel disease.	Inflammatory bowel disease	25,042 European and unknown ancestry cases, 34,915 European and unknown ancestry controls	NA	6p22.3	6	20812357	CDKAL1	CDKAL1			ENSG00000145996			rs9358372-?	rs9358372	0	9358372	intron_variant	0	NR	2E-7	6.698970004336019				Illumina [9725440] (imputed)	N	inflammatory bowel disease	http://www.ebi.ac.uk/efo/EFO_0003767	GCST004131	Genome-wide genotyping array
2017-06-02	28067908	de Lange KM	2017-01-09	Nat Genet	www.ncbi.nlm.nih.gov/pubmed/28067908	Genome-wide association study implicates immune activation of multiple integrin genes in inflammatory bowel disease.	Inflammatory bowel disease	25,042 European and unknown ancestry cases, 34,915 European and unknown ancestry controls	NA	15q26.1	15	90629669	CRTC3	CRTC3, CRTC3-AS1			ENSG00000140577, ENSG00000259736			rs7495132-?	rs7495132	0	7495132	intron_variant	0	NR	3E-7	6.522878745280337				Illumina [9725440] (imputed)	N	inflammatory bowel disease	http://www.ebi.ac.uk/efo/EFO_0003767	GCST004131	Genome-wide genotyping array
2017-06-02	28067908	de Lange KM	2017-01-09	Nat Genet	www.ncbi.nlm.nih.gov/pubmed/28067908	Genome-wide association study implicates immune activation of multiple integrin genes in inflammatory bowel disease.	Inflammatory bowel disease	25,042 European and unknown ancestry cases, 34,915 European and unknown ancestry controls	NA	2q22.3	2	144734815	Intergenic	TEX41			ENSG00000226674			rs11681525-?	rs11681525	0	11681525	intergenic_variant	0	NR	3E-7	6.522878745280337				Illumina [9725440] (imputed)	N	inflammatory bowel disease	http://www.ebi.ac.uk/efo/EFO_0003767	GCST004131	Genome-wide genotyping array
2017-06-02	28067908	de Lange KM	2017-01-09	Nat Genet	www.ncbi.nlm.nih.gov/pubmed/28067908	Genome-wide association study implicates immune activation of multiple integrin genes in inflammatory bowel disease.	Inflammatory bowel disease	25,042 European and unknown ancestry cases, 34,915 European and unknown ancestry controls	NA	2p23.3	2	24874775	ADCY3, DNAJC27, EFR3B, DNMT3A, POMC	ADCY3			ENSG00000138031			rs13407913-?	rs13407913	0	13407913	intron_variant	0	NR	3E-7	6.522878745280337				Illumina [9725440] (imputed)	N	inflammatory bowel disease	http://www.ebi.ac.uk/efo/EFO_0003767	GCST004131	Genome-wide genotyping array
2017-06-02	28067908	de Lange KM	2017-01-09	Nat Genet	www.ncbi.nlm.nih.gov/pubmed/28067908	Genome-wide association study implicates immune activation of multiple integrin genes in inflammatory bowel disease.	Inflammatory bowel disease	25,042 European and unknown ancestry cases, 34,915 European and unknown ancestry controls	NA	13q14.11	13	40439840	Intergenic	LINC00598			ENSG00000215483			rs941823-?	rs941823	0	941823	intergenic_variant	0	NR	4E-7	6.3979400086720375				Illumina [9725440] (imputed)	N	inflammatory bowel disease	http://www.ebi.ac.uk/efo/EFO_0003767	GCST004131	Genome-wide genotyping array
2017-06-02	28067908	de Lange KM	2017-01-09	Nat Genet	www.ncbi.nlm.nih.gov/pubmed/28067908	Genome-wide association study implicates immune activation of multiple integrin genes in inflammatory bowel disease.	Inflammatory bowel disease	25,042 European and unknown ancestry cases, 34,915 European and unknown ancestry controls	NA	20q13.13	20	50338887	Intergenic	LINC01271 - RN7SL636P	ENSG00000233077	ENSG00000244376		17401	90303	rs913678-?	rs913678	0	913678	regulatory_region_variant	1	NR	4E-7	6.3979400086720375				Illumina [9725440] (imputed)	N	inflammatory bowel disease	http://www.ebi.ac.uk/efo/EFO_0003767	GCST004131	Genome-wide genotyping array
2017-06-02	28067908	de Lange KM	2017-01-09	Nat Genet	www.ncbi.nlm.nih.gov/pubmed/28067908	Genome-wide association study implicates immune activation of multiple integrin genes in inflammatory bowel disease.	Inflammatory bowel disease	25,042 European and unknown ancestry cases, 34,915 European and unknown ancestry controls	NA	6p22.3	6	21430497	Intergenic	CDKAL1 - LINC00581	ENSG00000145996	ENSG00000280989		198093	55121	rs71559680-?	rs71559680	0	71559680	intergenic_variant	1	NR	5E-7	6.301029995663981				Illumina [9725440] (imputed)	N	inflammatory bowel disease	http://www.ebi.ac.uk/efo/EFO_0003767	GCST004131	Genome-wide genotyping array
2017-06-02	28067908	de Lange KM	2017-01-09	Nat Genet	www.ncbi.nlm.nih.gov/pubmed/28067908	Genome-wide association study implicates immune activation of multiple integrin genes in inflammatory bowel disease.	Inflammatory bowel disease	25,042 European and unknown ancestry cases, 34,915 European and unknown ancestry controls	NA	10q23.33	10	92677094	HHEX, IDE, KIF11	EIF2S2P3 - HHEX	ENSG00000236493	ENSG00000152804		7351	12861	rs7911264-?	rs7911264	0	7911264	intergenic_variant	1	NR	5E-7	6.301029995663981				Illumina [9725440] (imputed)	N	inflammatory bowel disease	http://www.ebi.ac.uk/efo/EFO_0003767	GCST004131	Genome-wide genotyping array
2017-06-02	28067908	de Lange KM	2017-01-09	Nat Genet	www.ncbi.nlm.nih.gov/pubmed/28067908	Genome-wide association study implicates immune activation of multiple integrin genes in inflammatory bowel disease.	Inflammatory bowel disease	25,042 European and unknown ancestry cases, 34,915 European and unknown ancestry controls	NA	8q24.21	8	128554935	Intergenic	LINC00824			ENSG00000254275			rs6651252-?	rs6651252	0	6651252	regulatory_region_variant	0	NR	6E-7	6.221848749616356				Illumina [9725440] (imputed)	N	inflammatory bowel disease	http://www.ebi.ac.uk/efo/EFO_0003767	GCST004131	Genome-wide genotyping array
2017-06-02	28067908	de Lange KM	2017-01-09	Nat Genet	www.ncbi.nlm.nih.gov/pubmed/28067908	Genome-wide association study implicates immune activation of multiple integrin genes in inflammatory bowel disease.	Inflammatory bowel disease	25,042 European and unknown ancestry cases, 34,915 European and unknown ancestry controls	NA	1p36.32	1	2569899	FAM213B, MMEL1, TNFRSF14	TNFRSF14 - PRXL2B	ENSG00000157873	ENSG00000157870		4517	16592	rs10797432-?	rs10797432	0	10797432	intergenic_variant	1	NR	8E-7	6.096910013008056				Illumina [9725440] (imputed)	N	inflammatory bowel disease	http://www.ebi.ac.uk/efo/EFO_0003767	GCST004131	Genome-wide genotyping array
2017-06-02	28067908	de Lange KM	2017-01-09	Nat Genet	www.ncbi.nlm.nih.gov/pubmed/28067908	Genome-wide association study implicates immune activation of multiple integrin genes in inflammatory bowel disease.	Inflammatory bowel disease	25,042 European and unknown ancestry cases, 34,915 European and unknown ancestry controls	NA	11p15.5	11	1852842	LSP1	LSP1			ENSG00000130592			rs907611-?	rs907611	0	907611	regulatory_region_variant	0	NR	1E-6	6.0				Illumina [9725440] (imputed)	N	inflammatory bowel disease	http://www.ebi.ac.uk/efo/EFO_0003767	GCST004131	Genome-wide genotyping array
2017-06-02	28067908	de Lange KM	2017-01-09	Nat Genet	www.ncbi.nlm.nih.gov/pubmed/28067908	Genome-wide association study implicates immune activation of multiple integrin genes in inflammatory bowel disease.	Inflammatory bowel disease	25,042 European and unknown ancestry cases, 34,915 European and unknown ancestry controls	NA	16p13.13	16	11279463	SOCS1, TNP2, PRM3, PRM2, PRM1, RMI2, LITAF, CTD-3088G3.8	RMI2			ENSG00000175643			rs529866-?	rs529866	0	529866	regulatory_region_variant	0	NR	1E-6	6.0				Illumina [9725440] (imputed)	N	inflammatory bowel disease	http://www.ebi.ac.uk/efo/EFO_0003767	GCST004131	Genome-wide genotyping array
2017-06-02	28067908	de Lange KM	2017-01-09	Nat Genet	www.ncbi.nlm.nih.gov/pubmed/28067908	Genome-wide association study implicates immune activation of multiple integrin genes in inflammatory bowel disease.	Inflammatory bowel disease	25,042 European and unknown ancestry cases, 34,915 European and unknown ancestry controls	NA	8q24.21	8	129611859	Intergenic	CCDC26			ENSG00000229140			rs1991866-?	rs1991866	0	1991866	intergenic_variant	0	NR	1E-6	6.0				Illumina [9725440] (imputed)	N	inflammatory bowel disease	http://www.ebi.ac.uk/efo/EFO_0003767	GCST004131	Genome-wide genotyping array
2017-06-02	28067908	de Lange KM	2017-01-09	Nat Genet	www.ncbi.nlm.nih.gov/pubmed/28067908	Genome-wide association study implicates immune activation of multiple integrin genes in inflammatory bowel disease.	Inflammatory bowel disease	25,042 European and unknown ancestry cases, 34,915 European and unknown ancestry controls	NA	13q32.3	13	99304368	GPR18, GPR183, UBAC2	UBAC2, GPR183			ENSG00000134882, ENSG00000169508			rs9557195-?	rs9557195	0	9557195	intron_variant	0	NR	1E-6	6.0				Illumina [9725440] (imputed)	N	inflammatory bowel disease	http://www.ebi.ac.uk/efo/EFO_0003767	GCST004131	Genome-wide genotyping array
2017-06-02	28067908	de Lange KM	2017-01-09	Nat Genet	www.ncbi.nlm.nih.gov/pubmed/28067908	Genome-wide association study implicates immune activation of multiple integrin genes in inflammatory bowel disease.	Inflammatory bowel disease	25,042 European and unknown ancestry cases, 34,915 European and unknown ancestry controls	NA	10q21.1	10	58153390	IPMK, CISD1	MRPS35P3 - IPMK	ENSG00000270192	ENSG00000151151		170397	38127	rs1819658-?	rs1819658	0	1819658	intergenic_variant	1	NR	1E-6	6.0				Illumina [9725440] (imputed)	N	inflammatory bowel disease	http://www.ebi.ac.uk/efo/EFO_0003767	GCST004131	Genome-wide genotyping array
2017-06-02	28067908	de Lange KM	2017-01-09	Nat Genet	www.ncbi.nlm.nih.gov/pubmed/28067908	Genome-wide association study implicates immune activation of multiple integrin genes in inflammatory bowel disease.	Inflammatory bowel disease	25,042 European and unknown ancestry cases, 34,915 European and unknown ancestry controls	NA	11q23.2	11	114526441	RBM7, REXO2, NXPE4, NXPE1, RP11-212D19.4	NXPE1			ENSG00000095110			rs200349593-?	rs200349593	0	200349593	intron_variant	0	NR	2E-6	5.698970004336019				Illumina [9725440] (imputed)	N	inflammatory bowel disease	http://www.ebi.ac.uk/efo/EFO_0003767	GCST004131	Genome-wide genotyping array
2017-06-02	28067908	de Lange KM	2017-01-09	Nat Genet	www.ncbi.nlm.nih.gov/pubmed/28067908	Genome-wide association study implicates immune activation of multiple integrin genes in inflammatory bowel disease.	Inflammatory bowel disease	25,042 European and unknown ancestry cases, 34,915 European and unknown ancestry controls	NA	5q31.1	5	135107916	C5orf66	PITX1-AS1			ENSG00000224186			rs254560-?	rs254560	0	254560	intergenic_variant	0	NR	2E-6	5.698970004336019				Illumina [9725440] (imputed)	N	inflammatory bowel disease	http://www.ebi.ac.uk/efo/EFO_0003767	GCST004131	Genome-wide genotyping array
2017-06-02	28067908	de Lange KM	2017-01-09	Nat Genet	www.ncbi.nlm.nih.gov/pubmed/28067908	Genome-wide association study implicates immune activation of multiple integrin genes in inflammatory bowel disease.	Inflammatory bowel disease	25,042 European and unknown ancestry cases, 34,915 European and unknown ancestry controls	NA	11q12.2	11	61008737	CD6	CD6			ENSG00000013725			rs11230563-?	rs11230563	0	11230563	missense_variant	0	NR	2E-6	5.698970004336019				Illumina [9725440] (imputed)	N	inflammatory bowel disease	http://www.ebi.ac.uk/efo/EFO_0003767	GCST004131	Genome-wide genotyping array
2017-06-02	28067908	de Lange KM	2017-01-09	Nat Genet	www.ncbi.nlm.nih.gov/pubmed/28067908	Genome-wide association study implicates immune activation of multiple integrin genes in inflammatory bowel disease.	Inflammatory bowel disease	25,042 European and unknown ancestry cases, 34,915 European and unknown ancestry controls	NA	20q13.12	20	46113425	CD40, SLC12A5, NCOA5	RPL13P2 - CD40	ENSG00000213820	ENSG00000101017		13249	4846	rs1569723-?	rs1569723	0	1569723	intergenic_variant	1	NR	2E-6	5.698970004336019				Illumina [9725440] (imputed)	N	inflammatory bowel disease	http://www.ebi.ac.uk/efo/EFO_0003767	GCST004131	Genome-wide genotyping array
2017-06-02	28067908	de Lange KM	2017-01-09	Nat Genet	www.ncbi.nlm.nih.gov/pubmed/28067908	Genome-wide association study implicates immune activation of multiple integrin genes in inflammatory bowel disease.	Inflammatory bowel disease	25,042 European and unknown ancestry cases, 34,915 European and unknown ancestry controls	NA	5q35.1	5	172897975	ERGIC1	ERGIC1			ENSG00000113719			rs564349-?	rs564349	0	564349	intron_variant	0	NR	2E-6	5.698970004336019				Illumina [9725440] (imputed)	N	inflammatory bowel disease	http://www.ebi.ac.uk/efo/EFO_0003767	GCST004131	Genome-wide genotyping array
2017-06-02	28067908	de Lange KM	2017-01-09	Nat Genet	www.ncbi.nlm.nih.gov/pubmed/28067908	Genome-wide association study implicates immune activation of multiple integrin genes in inflammatory bowel disease.	Inflammatory bowel disease	25,042 European and unknown ancestry cases, 34,915 European and unknown ancestry controls	NA	12p13.31	12	6381959	LTBR	LTBR			ENSG00000111321			rs7954567-?	rs7954567	0	7954567	intron_variant	0	NR	3E-6	5.522878745280337				Illumina [9725440] (imputed)	N	inflammatory bowel disease	http://www.ebi.ac.uk/efo/EFO_0003767	GCST004131	Genome-wide genotyping array
2017-06-02	28067908	de Lange KM	2017-01-09	Nat Genet	www.ncbi.nlm.nih.gov/pubmed/28067908	Genome-wide association study implicates immune activation of multiple integrin genes in inflammatory bowel disease.	Inflammatory bowel disease	25,042 European and unknown ancestry cases, 34,915 European and unknown ancestry controls	NA	9q22.2	9	91166134	AUH	LINC00484, LINC02937			ENSG00000235641, ENSG00000230537			rs4743820-?	rs4743820	0	4743820	intergenic_variant	0	NR	4E-6	5.3979400086720375				Illumina [9725440] (imputed)	N	inflammatory bowel disease	http://www.ebi.ac.uk/efo/EFO_0003767	GCST004131	Genome-wide genotyping array
2017-06-02	28067908	de Lange KM	2017-01-09	Nat Genet	www.ncbi.nlm.nih.gov/pubmed/28067908	Genome-wide association study implicates immune activation of multiple integrin genes in inflammatory bowel disease.	Inflammatory bowel disease	25,042 European and unknown ancestry cases, 34,915 European and unknown ancestry controls	NA	4q24	4	101944147	NFKB1, SLC39A8, BANK1	BANK1			ENSG00000153064			rs13126505-?	rs13126505	0	13126505	intron_variant	0	NR	4E-6	5.3979400086720375				Illumina [9725440] (imputed)	N	inflammatory bowel disease	http://www.ebi.ac.uk/efo/EFO_0003767	GCST004131	Genome-wide genotyping array
2017-06-02	28067908	de Lange KM	2017-01-09	Nat Genet	www.ncbi.nlm.nih.gov/pubmed/28067908	Genome-wide association study implicates immune activation of multiple integrin genes in inflammatory bowel disease.	Inflammatory bowel disease	25,042 European and unknown ancestry cases, 34,915 European and unknown ancestry controls	NA	7q31.2	7	117252792	WNT2	ST7 - MTND4P6	ENSG00000004866	ENSG00000224042		22616	11125	rs38904-?	rs38904	0	38904	intergenic_variant	1	NR	4E-6	5.3979400086720375				Illumina [9725440] (imputed)	N	inflammatory bowel disease	http://www.ebi.ac.uk/efo/EFO_0003767	GCST004131	Genome-wide genotyping array
2017-06-02	28067908	de Lange KM	2017-01-09	Nat Genet	www.ncbi.nlm.nih.gov/pubmed/28067908	Genome-wide association study implicates immune activation of multiple integrin genes in inflammatory bowel disease.	Inflammatory bowel disease	25,042 European and unknown ancestry cases, 34,915 European and unknown ancestry controls	NA	19q13.33	19	48702915	IZUMO1, NTN5, FUT2, MAMSTR, RASIP1	FUT2			ENSG00000176920			rs516246-?	rs516246	0	516246	intron_variant	0	NR	5E-6	5.301029995663981				Illumina [9725440] (imputed)	N	inflammatory bowel disease	http://www.ebi.ac.uk/efo/EFO_0003767	GCST004131	Genome-wide genotyping array
2017-06-02	28067908	de Lange KM	2017-01-09	Nat Genet	www.ncbi.nlm.nih.gov/pubmed/28067908	Genome-wide association study implicates immune activation of multiple integrin genes in inflammatory bowel disease.	Inflammatory bowel disease	25,042 European and unknown ancestry cases, 34,915 European and unknown ancestry controls	NA	5p15.2	5	10695414	DAP	DAP			ENSG00000112977			rs2930047-?	rs2930047	0	2930047	intron_variant	0	NR	5E-6	5.301029995663981				Illumina [9725440] (imputed)	N	inflammatory bowel disease	http://www.ebi.ac.uk/efo/EFO_0003767	GCST004131	Genome-wide genotyping array
2017-06-02	28067908	de Lange KM	2017-01-09	Nat Genet	www.ncbi.nlm.nih.gov/pubmed/28067908	Genome-wide association study implicates immune activation of multiple integrin genes in inflammatory bowel disease.	Inflammatory bowel disease	25,042 European and unknown ancestry cases, 34,915 European and unknown ancestry controls	NA	2q37.1	2	230232414	SP110, SP140	SP140			ENSG00000079263			rs6716753-?	rs6716753	0	6716753	intron_variant	0	NR	6E-6	5.221848749616356				Illumina [9725440] (imputed)	N	inflammatory bowel disease	http://www.ebi.ac.uk/efo/EFO_0003767	GCST004131	Genome-wide genotyping array
2017-06-02	28067908	de Lange KM	2017-01-09	Nat Genet	www.ncbi.nlm.nih.gov/pubmed/28067908	Genome-wide association study implicates immune activation of multiple integrin genes in inflammatory bowel disease.	Inflammatory bowel disease	25,042 European and unknown ancestry cases, 34,915 European and unknown ancestry controls	NA	8q11.21	8	48216682	Intergenic	UBE2V2 - IDI1P2	ENSG00000169139	ENSG00000253654		151974	77344	rs7011507-?	rs7011507	0	7011507	intergenic_variant	1	NR	6E-6	5.221848749616356				Illumina [9725440] (imputed)	N	inflammatory bowel disease	http://www.ebi.ac.uk/efo/EFO_0003767	GCST004131	Genome-wide genotyping array
2017-06-02	28067908	de Lange KM	2017-01-09	Nat Genet	www.ncbi.nlm.nih.gov/pubmed/28067908	Genome-wide association study implicates immune activation of multiple integrin genes in inflammatory bowel disease.	Inflammatory bowel disease	25,042 European and unknown ancestry cases, 34,915 European and unknown ancestry controls	NA	20q11.21	20	32137845	TM9SF4, PLAGL2, KIF3B, ASXL1, POFUT1, C20orf112	TM9SF4			ENSG00000101337			rs6142618-?	rs6142618	0	6142618	intron_variant	0	NR	6E-6	5.221848749616356				Illumina [9725440] (imputed)	N	inflammatory bowel disease	http://www.ebi.ac.uk/efo/EFO_0003767	GCST004131	Genome-wide genotyping array
2017-06-02	28067908	de Lange KM	2017-01-09	Nat Genet	www.ncbi.nlm.nih.gov/pubmed/28067908	Genome-wide association study implicates immune activation of multiple integrin genes in inflammatory bowel disease.	Inflammatory bowel disease	25,042 European and unknown ancestry cases, 34,915 European and unknown ancestry controls	NA	13q14.11	13	42343725	AKAP11	LINC02341			ENSG00000283554			rs80244186-?	rs80244186	0	80244186	intergenic_variant	0	NR	6E-6	5.221848749616356				Illumina [9725440] (imputed)	N	inflammatory bowel disease	http://www.ebi.ac.uk/efo/EFO_0003767	GCST004131	Genome-wide genotyping array
2017-06-02	28067908	de Lange KM	2017-01-09	Nat Genet	www.ncbi.nlm.nih.gov/pubmed/28067908	Genome-wide association study implicates immune activation of multiple integrin genes in inflammatory bowel disease.	Inflammatory bowel disease	25,042 European and unknown ancestry cases, 34,915 European and unknown ancestry controls	NA	12q13.11	12	47814585	HDAC7	HDAC7			ENSG00000061273			rs11168249-?	rs11168249	0	11168249	intron_variant	0	NR	7E-6	5.154901959985743				Illumina [9725440] (imputed)	N	inflammatory bowel disease	http://www.ebi.ac.uk/efo/EFO_0003767	GCST004131	Genome-wide genotyping array
2017-06-02	28067908	de Lange KM	2017-01-09	Nat Genet	www.ncbi.nlm.nih.gov/pubmed/28067908	Genome-wide association study implicates immune activation of multiple integrin genes in inflammatory bowel disease.	Inflammatory bowel disease	25,042 European and unknown ancestry cases, 34,915 European and unknown ancestry controls	NA	22q12.3	22	35333728	TOM1	TOM1			ENSG00000100284			rs138788-?	rs138788	0	138788	intron_variant	0	NR	8E-6	5.096910013008056				Illumina [9725440] (imputed)	N	inflammatory bowel disease	http://www.ebi.ac.uk/efo/EFO_0003767	GCST004131	Genome-wide genotyping array
